frame,filament_id,z,y,x,raw_intensity,probability
1,2,0,37,72,146.0,0.8453335165977478
1,2,0,38,71,140.0,0.9976504445075989
1,2,0,38,72,153.0,0.9998955726623535
1,2,0,38,73,161.0,0.9905821084976196
1,2,0,39,70,150.0,0.9414187669754028
1,2,0,39,71,165.0,0.9999634027481079
1,2,0,39,72,171.0,0.9999955892562866
1,2,0,39,73,146.0,0.9988182187080383
1,2,0,40,70,144.0,0.8987460732460022
1,2,0,40,71,174.0,0.9998693466186523
1,2,0,40,72,173.0,0.9999736547470093
1,2,0,40,73,167.0,0.9969725608825684
1,2,0,40,75,147.0,0.5028217434883118
1,2,0,40,76,170.0,0.995302677154541
1,2,0,40,77,165.0,0.9995598196983337
1,2,0,40,78,178.0,0.9977501034736633
1,2,0,40,79,176.0,0.9952670335769653
1,2,0,40,80,146.0,0.8581600189208984
1,2,0,41,71,167.0,0.9690901637077332
1,2,0,41,72,175.0,0.9985129237174988
1,2,0,41,73,180.0,0.9875867366790771
1,2,0,41,74,159.0,0.9113508462905884
1,2,0,41,75,168.0,0.9953180551528931
1,2,0,41,76,166.0,0.9999736547470093
1,2,0,41,77,170.0,0.999991774559021
1,2,0,41,78,172.0,0.99991774559021
1,2,0,41,79,161.0,0.9999051094055176
1,2,0,41,80,171.0,0.999527096748352
1,2,0,41,81,170.0,0.8918694257736206
1,2,0,42,73,177.0,0.7253872156143188
1,2,0,42,74,161.0,0.8906317949295044
1,2,0,42,75,178.0,0.9988895058631897
1,2,0,42,76,177.0,0.9999779462814331
1,2,0,42,77,165.0,0.9999780654907227
1,2,0,42,78,161.0,0.999902606010437
1,2,0,42,79,156.0,0.9999725818634033
1,2,0,42,80,164.0,0.9999618530273438
1,2,0,42,81,174.0,0.9972954392433167
1,2,0,43,74,169.0,0.7819159030914307
1,2,0,43,75,176.0,0.9934544563293457
1,2,0,43,76,163.0,0.9987484216690063
1,2,0,43,77,162.0,0.9959406852722168
1,2,0,43,78,156.0,0.9910444021224976
1,2,0,43,79,161.0,0.9986427426338196
1,2,0,43,80,159.0,0.9995686411857605
1,2,0,43,81,161.0,0.9979693293571472
1,2,0,44,80,162.0,0.5423020720481873
1,2,0,44,81,170.0,0.7184180617332458
1,2,1,37,71,153.0,0.9938316345214844
1,2,1,37,72,165.0,0.9988412261009216
1,2,1,37,73,164.0,0.9624359607696533
1,2,1,38,70,169.0,0.9966790676116943
1,2,1,38,71,173.0,0.9999996423721313
1,2,1,38,72,182.0,0.9999998807907104
1,2,1,38,73,169.0,0.9999566078186035
1,2,1,39,70,148.0,0.99957674741745
1,2,1,39,71,171.0,1.0
1,2,1,39,72,179.0,1.0
1,2,1,39,73,164.0,0.9999814033508301
1,2,1,40,70,152.0,0.9952930808067322
1,2,1,40,71,164.0,0.9999991655349731
1,2,1,40,72,159.0,0.9999992847442627
1,2,1,40,73,151.0,0.9995322227478027
1,2,1,40,76,167.0,0.856706976890564
1,2,1,40,77,155.0,0.9724948406219482
1,2,1,40,78,159.0,0.9560211896896362
1,2,1,40,79,150.0,0.8525194525718689
1,2,1,41,71,163.0,0.9950454235076904
1,2,1,41,72,161.0,0.9980401396751404
1,2,1,41,73,156.0,0.9563897252082825
1,2,1,41,75,148.0,0.9030786156654358
1,2,1,41,76,162.0,0.994125485420227
1,2,1,41,77,163.0,0.9989769458770752
1,2,1,41,78,153.0,0.9986920952796936
1,2,1,41,79,175.0,0.9986158609390259
1,2,1,41,80,157.0,0.9947561025619507
1,2,1,41,81,141.0,0.8634698390960693
1,2,1,42,75,170.0,0.8540071249008179
1,2,1,42,76,149.0,0.9824537038803101
1,2,1,42,77,136.0,0.9887446165084839
1,2,1,42,78,172.0,0.9919583797454834
1,2,1,42,79,148.0,0.9993327260017395
1,2,1,42,80,172.0,0.9996994733810425
1,2,1,42,81,153.0,0.9960177540779114
1,2,1,43,79,157.0,0.9832413196563721
1,2,1,43,80,178.0,0.9987189769744873
1,2,1,43,81,161.0,0.9950839877128601
1,2,2,37,72,156.0,0.7528029084205627
1,2,2,38,70,148.0,0.5930340886116028
1,2,2,38,71,159.0,0.999573290348053
1,2,2,38,72,145.0,0.9999096393585205
1,2,2,38,73,162.0,0.9836595058441162
1,2,2,39,70,140.0,0.7327291965484619
1,2,2,39,71,159.0,0.9998633861541748
1,2,2,39,72,165.0,0.9999492168426514
1,2,2,39,73,152.0,0.9917882084846497
1,2,2,40,71,168.0,0.9948870539665222
1,2,2,40,72,152.0,0.9971350431442261
1,2,2,40,73,158.0,0.6065704226493835
2,2,0,40,73,164.0,0.9429057240486145
2,2,0,40,74,164.0,0.9823414087295532
2,2,0,40,75,157.0,0.787068247795105
2,2,0,41,72,145.0,0.7204553484916687
2,2,0,41,73,157.0,0.9948955178260803
2,2,0,41,74,189.0,0.9984664916992188
2,2,0,41,75,180.0,0.9592047333717346
2,2,0,42,73,178.0,0.9338529706001282
2,2,0,42,74,173.0,0.9528886079788208
2,2,1,39,73,156.0,0.6077925562858582
2,2,1,39,74,164.0,0.5466319918632507
2,2,1,40,72,171.0,0.7598083019256592
2,2,1,40,73,163.0,0.9970561265945435
2,2,1,40,74,169.0,0.9940925240516663
2,2,1,41,72,168.0,0.8578983545303345
2,2,1,41,73,150.0,0.9993119239807129
2,2,1,41,74,157.0,0.9993934631347656
2,2,1,41,75,146.0,0.8309364914894104
2,2,1,42,73,166.0,0.9335016012191772
2,2,1,42,74,160.0,0.9079183340072632
2,2,2,39,72,177.0,0.6257946491241455
2,2,2,39,73,155.0,0.5560889840126038
2,2,2,40,72,154.0,0.9710954427719116
2,2,2,40,73,162.0,0.9628584980964661
2,2,2,41,72,162.0,0.9640819430351257
2,2,2,41,73,168.0,0.9757503867149353
2,2,3,39,72,140.0,0.6879947781562805
2,2,3,40,72,169.0,0.8062002658843994
3,2,0,39,72,149.0,0.7213217616081238
3,2,0,40,71,158.0,0.974572479724884
3,2,0,40,72,151.0,0.9999030828475952
3,2,0,40,73,165.0,0.9996961355209351
3,2,0,40,74,150.0,0.7640666365623474
3,2,0,41,71,153.0,0.9980543851852417
3,2,0,41,72,168.0,0.9999990463256836
3,2,0,41,73,174.0,0.9999990463256836
3,2,0,41,74,165.0,0.9989153146743774
3,2,0,41,75,153.0,0.712660014629364
3,2,0,42,71,149.0,0.9740325808525085
3,2,0,42,72,149.0,0.9999945163726807
3,2,0,42,73,160.0,0.9999994039535522
3,2,0,42,74,168.0,0.9997748732566833
3,2,0,42,75,160.0,0.8117146492004395
3,2,0,42,76,162.0,0.7290787100791931
3,2,0,42,77,154.0,0.7193630933761597
3,2,0,43,72,154.0,0.9975628852844238
3,2,0,43,73,153.0,0.9998376369476318
3,2,0,43,74,161.0,0.9982349872589111
3,2,0,43,75,146.0,0.8828819990158081
3,2,0,43,76,149.0,0.8915470242500305
3,2,0,43,77,152.0,0.9768484830856323
3,2,0,43,78,164.0,0.8606884479522705
3,2,0,43,85,142.0,0.813701331615448
3,2,1,39,71,159.0,0.9947605729103088
3,2,1,39,72,164.0,0.9984478950500488
3,2,1,39,73,152.0,0.5136160254478455
3,2,1,40,70,147.0,0.6755967736244202
3,2,1,40,71,161.0,0.9999821186065674
3,2,1,40,72,154.0,0.9999998807907104
3,2,1,40,73,161.0,0.9999438524246216
3,2,1,41,70,137.0,0.6352359056472778
3,2,1,41,71,139.0,0.9999889135360718
3,2,1,41,72,159.0,1.0
3,2,1,41,73,167.0,0.9999994039535522
3,2,1,41,74,160.0,0.9913359880447388
3,2,1,41,85,158.0,0.7703328132629395
3,2,1,42,71,161.0,0.9980702996253967
3,2,1,42,72,171.0,0.999998927116394
3,2,1,42,73,175.0,0.9999990463256836
3,2,1,42,74,139.0,0.9978747367858887
3,2,1,42,85,149.0,0.8103751540184021
3,2,1,43,72,163.0,0.9938229322433472
3,2,1,43,73,148.0,0.9986637830734253
3,2,1,43,74,156.0,0.9309206604957581
3,2,1,43,77,136.0,0.7599177956581116
3,2,1,43,78,145.0,0.6943535208702087
3,2,1,43,85,140.0,0.6552040576934814
3,2,2,38,71,151.0,0.7833046913146973
3,2,2,38,72,154.0,0.8941108584403992
3,2,2,39,70,149.0,0.5562742352485657
3,2,2,39,71,162.0,0.9984294772148132
3,2,2,39,72,150.0,0.9996533393859863
3,2,2,39,73,152.0,0.8582180738449097
3,2,2,40,70,145.0,0.9119232892990112
3,2,2,40,71,169.0,0.9999337196350098
3,2,2,40,72,163.0,0.9999951124191284
3,2,2,40,73,161.0,0.997197151184082
3,2,2,41,70,146.0,0.5279330611228943
3,2,2,41,71,149.0,0.9979141354560852
3,2,2,41,72,146.0,0.9997462630271912
3,2,2,41,73,139.0,0.9742588996887207
3,2,2,42,71,158.0,0.6390569806098938
3,2,2,42,72,144.0,0.9735980033874512
3,2,2,42,73,135.0,0.8694283962249756
3,2,3,39,71,140.0,0.6083364486694336
3,2,3,39,72,147.0,0.8672835826873779
3,2,3,40,71,147.0,0.852031409740448
3,2,3,40,72,150.0,0.9669039249420166
3,2,3,40,73,141.0,0.6408150792121887
4,2,0,39,73,153.0,0.9594548940658569
4,2,0,39,74,169.0,0.9892151951789856
4,2,0,40,73,153.0,0.9452897310256958
4,2,0,40,74,166.0,0.9982377290725708
4,2,0,40,75,174.0,0.9964274764060974
4,2,0,40,76,137.0,0.7879535555839539
4,2,0,41,73,155.0,0.8059058785438538
4,2,0,41,74,165.0,0.9993860721588135
4,2,0,41,75,189.0,0.9999399185180664
4,2,0,41,76,165.0,0.9982566237449646
4,2,0,42,74,162.0,0.9966264963150024
4,2,0,42,75,176.0,0.9999077320098877
4,2,0,42,76,164.0,0.9991855025291443
4,2,0,43,74,163.0,0.744166374206543
4,2,0,43,75,155.0,0.9862480759620667
4,2,0,43,76,148.0,0.9097422957420349
4,2,1,39,73,165.0,0.9190373420715332
4,2,1,39,74,169.0,0.9202426671981812
4,2,1,40,73,159.0,0.7111455202102661
4,2,1,40,74,166.0,0.990044355392456
4,2,1,40,75,159.0,0.9150695204734802
4,2,1,41,74,152.0,0.9923323392868042
4,2,1,41,75,146.0,0.9975510239601135
4,2,1,41,76,166.0,0.936513364315033
4,2,1,42,74,164.0,0.8505902886390686
4,2,1,42,75,146.0,0.9934593439102173
4,2,1,42,76,154.0,0.961284875869751
4,2,2,38,73,162.0,0.6253897547721863
4,2,2,39,73,138.0,0.7710294723510742
5,2,0,39,74,161.0,0.9688377380371094
5,2,0,39,75,170.0,0.9910687208175659
5,2,0,39,76,153.0,0.7053893804550171
5,2,0,40,73,160.0,0.61293625831604
5,2,0,40,74,163.0,0.996333122253418
5,2,0,40,75,154.0,0.9985005855560303
5,2,0,40,76,166.0,0.9257808923721313
5,2,0,41,74,158.0,0.9287732839584351
5,2,0,41,75,182.0,0.940941572189331
5,2,0,41,76,162.0,0.6121596097946167
5,2,0,41,79,166.0,0.5683229565620422
5,2,0,41,80,159.0,0.8393825888633728
5,2,1,38,74,155.0,0.654751718044281
5,2,1,38,75,141.0,0.582138180732727
5,2,1,39,73,154.0,0.5993306636810303
5,2,1,39,74,147.0,0.9936363697052002
5,2,1,39,75,159.0,0.9974191188812256
5,2,1,39,76,148.0,0.5325890183448792
5,2,1,40,73,144.0,0.8084428906440735
5,2,1,40,74,170.0,0.9981051683425903
5,2,1,40,75,144.0,0.9992770552635193
5,2,1,40,76,141.0,0.8915187120437622
5,2,1,41,74,165.0,0.8863179683685303
5,2,1,41,75,149.0,0.901199460029602
5,2,1,41,79,154.0,0.5822523832321167
5,2,1,41,80,168.0,0.8041672706604004
5,2,1,42,80,162.0,0.5816845893859863
5,2,2,39,74,155.0,0.9278483390808105
5,2,2,40,74,144.0,0.7488651275634766
5,2,3,39,74,148.0,0.5198788046836853
5,3,1,49,64,156.0,0.8182029724121094
6,2,0,39,74,161.0,0.5273807644844055
6,2,0,40,74,172.0,0.993503987789154
6,2,0,40,75,163.0,0.9984500408172607
6,2,0,40,76,168.0,0.9439226984977722
6,2,0,41,73,134.0,0.9399550557136536
6,2,0,41,74,167.0,0.9998852014541626
6,2,0,41,75,163.0,0.999993085861206
6,2,0,41,76,142.0,0.9997788071632385
6,2,0,41,77,138.0,0.5934423804283142
6,2,0,41,83,151.0,0.9883424639701843
6,2,0,41,84,147.0,0.9915987253189087
6,2,0,41,85,156.0,0.6113743185997009
6,2,0,42,73,158.0,0.5434115529060364
6,2,0,42,74,157.0,0.9981136322021484
6,2,0,42,75,152.0,0.9999786615371704
6,2,0,42,76,162.0,0.9997685551643372
6,2,0,42,77,145.0,0.7262806296348572
6,2,0,42,82,148.0,0.8411617279052734
6,2,0,42,83,170.0,0.99932861328125
6,2,0,42,84,152.0,0.999333918094635
6,2,0,42,85,156.0,0.9230944514274597
6,2,0,43,74,158.0,0.7838320136070251
6,2,0,43,75,146.0,0.9906495213508606
6,2,0,43,76,170.0,0.9459789991378784
6,2,0,43,82,145.0,0.934257447719574
6,2,0,43,83,162.0,0.9997591376304626
6,2,0,43,84,170.0,0.9998133778572083
6,2,0,43,85,165.0,0.9916883111000061
6,2,0,44,83,157.0,0.6318930983543396
6,2,0,44,84,167.0,0.8058560490608215
6,2,1,39,73,159.0,0.8039013147354126
6,2,1,39,74,153.0,0.9310417771339417
6,2,1,40,73,150.0,0.9351035356521606
6,2,1,40,74,168.0,0.9993370175361633
6,2,1,40,75,147.0,0.996417760848999
6,2,1,40,76,148.0,0.5016478896141052
6,2,1,41,73,155.0,0.9959608912467957
6,2,1,41,74,168.0,0.9999892711639404
6,2,1,41,75,155.0,0.9999769926071167
6,2,1,41,76,144.0,0.928024172782898
6,2,1,41,83,139.0,0.9708097577095032
6,2,1,41,84,163.0,0.9351160526275635
6,2,1,42,73,145.0,0.5407882332801819
6,2,1,42,74,160.0,0.997990608215332
6,2,1,42,75,168.0,0.9995311498641968
6,2,1,42,76,146.0,0.8566301465034485
6,2,1,42,82,155.0,0.7516078352928162
6,2,1,42,83,151.0,0.9989307522773743
6,2,1,42,84,140.0,0.998136043548584
6,2,1,42,85,152.0,0.8044403195381165
6,2,1,43,82,153.0,0.8610072731971741
6,2,1,43,83,143.0,0.9995773434638977
6,2,1,43,84,150.0,0.9995703101158142
6,2,1,43,85,141.0,0.9795850515365601
6,2,1,44,83,151.0,0.7027146220207214
6,2,1,44,84,162.0,0.5965161323547363
6,2,2,39,72,146.0,0.6773655414581299
6,2,2,39,73,139.0,0.9817402362823486
6,2,2,39,74,159.0,0.771989107131958
6,2,2,40,72,148.0,0.6130063533782959
6,2,2,40,73,165.0,0.9495516419410706
6,2,2,40,74,160.0,0.913644015789032
6,2,2,41,73,145.0,0.9417517185211182
6,2,2,41,74,148.0,0.9563018083572388
6,2,3,39,72,151.0,0.7974515557289124
6,2,3,39,73,162.0,0.9815811514854431
6,2,3,39,74,145.0,0.6147640943527222
6,2,3,40,72,159.0,0.9223743081092834
6,2,3,40,73,149.0,0.9937088489532471
6,2,3,40,74,153.0,0.7001254558563232
6,2,3,41,72,136.0,0.5415208339691162
6,2,3,41,73,146.0,0.9652366042137146
6,3,0,51,61,126.0,0.6049668788909912
6,3,0,51,62,157.0,0.9994729161262512
6,3,0,51,63,152.0,0.9995610117912292
6,3,0,51,64,151.0,0.9315344095230103
6,3,0,52,61,144.0,0.9990296363830566
6,3,0,52,62,152.0,0.9999997615814209
6,3,0,52,63,166.0,0.9999998807907104
6,3,0,52,64,147.0,0.9998524188995361
6,3,0,52,65,156.0,0.9349275827407837
6,3,0,52,66,145.0,0.7908535599708557
6,3,0,53,61,147.0,0.9976957440376282
6,3,0,53,62,176.0,0.9999997615814209
6,3,0,53,63,173.0,1.0
6,3,0,53,64,161.0,0.9999929666519165
6,3,0,53,65,150.0,0.9941532015800476
6,3,0,53,66,160.0,0.8080912828445435
6,3,0,54,61,174.0,0.8462949991226196
6,3,0,54,62,175.0,0.9999175071716309
6,3,0,54,63,158.0,0.9999902248382568
6,3,0,54,64,179.0,0.999735414981842
6,3,0,54,65,152.0,0.8874958157539368
6,3,0,55,62,147.0,0.8737247586250305
6,3,0,55,63,153.0,0.9445617198944092
6,3,0,55,64,158.0,0.5131000876426697
6,3,1,50,62,145.0,0.7990274429321289
6,3,1,51,61,158.0,0.9999284744262695
6,3,1,51,62,158.0,0.9999998807907104
6,3,1,51,63,153.0,0.9999980926513672
6,3,1,51,64,160.0,0.9889340996742249
6,3,1,52,60,152.0,0.9806263446807861
6,3,1,52,61,156.0,0.9999997615814209
6,3,1,52,62,177.0,1.0
6,3,1,52,63,163.0,1.0
6,3,1,52,64,153.0,0.9999574422836304
6,3,1,52,65,148.0,0.802791178226471
6,3,1,53,61,145.0,0.9998928308486938
6,3,1,53,62,160.0,1.0
6,3,1,53,63,176.0,1.0
6,3,1,53,64,154.0,0.9999730587005615
6,3,1,53,65,145.0,0.9212630987167358
6,3,1,54,61,126.0,0.7129290103912354
6,3,1,54,62,151.0,0.9995980858802795
6,3,1,54,63,145.0,0.9997121691703796
6,3,1,54,64,148.0,0.9470053911209106
6,3,2,50,61,152.0,0.9740340113639832
6,3,2,50,62,143.0,0.952488899230957
6,3,2,51,60,139.0,0.8321569561958313
6,3,2,51,61,155.0,0.9999915361404419
6,3,2,51,62,157.0,0.9999995231628418
6,3,2,51,63,156.0,0.999887228012085
6,3,2,52,60,149.0,0.9804497957229614
6,3,2,52,61,157.0,0.9999994039535522
6,3,2,52,62,171.0,1.0
6,3,2,52,63,155.0,0.999997615814209
6,3,2,52,64,141.0,0.7618502378463745
6,3,2,53,61,137.0,0.9992037415504456
6,3,2,53,62,157.0,0.9999946355819702
6,3,2,53,63,152.0,0.9979599714279175
6,3,3,50,61,155.0,0.9717408418655396
6,3,3,50,62,142.0,0.9735298752784729
6,3,3,51,60,130.0,0.5416209697723389
6,3,3,51,61,146.0,0.999535322189331
6,3,3,51,62,160.0,0.9998821020126343
6,3,3,51,63,139.0,0.9631966948509216
6,3,3,52,60,150.0,0.5740793943405151
6,3,3,52,61,134.0,0.9984341263771057
6,3,3,52,62,156.0,0.9995218515396118
6,3,3,52,63,141.0,0.953792929649353
6,3,3,53,61,144.0,0.6214793920516968
6,3,3,53,62,149.0,0.6049922704696655
7,2,0,39,72,148.0,0.9171403050422668
7,2,0,40,71,144.0,0.728963315486908
7,2,0,40,72,154.0,0.9983237385749817
7,2,0,40,73,152.0,0.9892749190330505
7,2,0,41,71,146.0,0.7411443591117859
7,2,0,41,72,146.0,0.9983969330787659
7,2,0,41,73,181.0,0.998957633972168
7,2,0,41,74,174.0,0.8449029326438904
7,2,0,42,72,148.0,0.9015204310417175
7,2,0,42,73,161.0,0.952199399471283
7,2,0,42,74,176.0,0.6412725448608398
7,2,1,38,71,141.0,0.7876575589179993
7,2,1,38,72,163.0,0.9141611456871033
7,2,1,39,71,163.0,0.9979580640792847
7,2,1,39,72,169.0,0.9989998936653137
7,2,1,39,73,148.0,0.8388004302978516
7,2,1,40,70,152.0,0.5736148357391357
7,2,1,40,71,174.0,0.9998064637184143
7,2,1,40,72,159.0,0.999962329864502
7,2,1,40,73,154.0,0.9921161532402039
7,2,1,41,71,162.0,0.9978066086769104
7,2,1,41,72,170.0,0.9996165037155151
7,2,1,41,73,152.0,0.9930318593978882
7,2,1,42,71,156.0,0.5495654940605164
7,2,1,42,72,158.0,0.9381640553474426
7,2,1,42,73,147.0,0.9327180981636047
7,2,2,38,72,167.0,0.8003048300743103
7,2,2,39,71,157.0,0.9448504447937012
7,2,2,39,72,154.0,0.9822158813476562
7,2,2,39,73,161.0,0.782990574836731
7,2,2,40,71,154.0,0.9888901710510254
7,2,2,40,72,143.0,0.9947022795677185
7,2,2,40,73,151.0,0.5894158482551575
7,2,2,41,71,153.0,0.8160765767097473
7,2,2,41,72,147.0,0.8164608478546143
7,3,0,51,60,140.0,0.6198964715003967
7,3,0,51,61,160.0,0.9651932120323181
7,3,0,51,62,141.0,0.7261366248130798
7,3,0,51,63,143.0,0.7697382569313049
7,3,0,51,64,166.0,0.877939760684967
7,3,0,52,59,147.0,0.9313540458679199
7,3,0,52,60,142.0,0.9999970197677612
7,3,0,52,61,174.0,0.9999998807907104
7,3,0,52,62,160.0,0.9999260902404785
7,3,0,52,63,152.0,0.9910032749176025
7,3,0,52,64,153.0,0.8332329988479614
7,3,0,53,59,148.0,0.9972385168075562
7,3,0,53,60,150.0,1.0
7,3,0,53,61,177.0,1.0
7,3,0,53,62,182.0,0.9999998807907104
7,3,0,53,63,153.0,0.9962791800498962
7,3,0,53,64,143.0,0.5773636698722839
7,3,0,54,59,136.0,0.9059217572212219
7,3,0,54,60,151.0,0.9999945163726807
7,3,0,54,61,170.0,1.0
7,3,0,54,62,162.0,0.9999934434890747
7,3,0,54,63,147.0,0.9612412452697754
7,3,0,55,60,149.0,0.9036325216293335
7,3,0,55,61,155.0,0.9982239603996277
7,3,0,55,62,152.0,0.975679337978363
7,3,1,51,59,136.0,0.8773114085197449
7,3,1,51,60,149.0,0.9999120235443115
7,3,1,51,61,147.0,0.9993993043899536
7,3,1,51,62,146.0,0.5656792521476746
7,3,1,51,64,150.0,0.6874601244926453
7,3,1,52,58,136.0,0.6711678504943848
7,3,1,52,59,136.0,0.9999936819076538
7,3,1,52,60,163.0,1.0
7,3,1,52,61,147.0,1.0
7,3,1,52,62,146.0,0.9997751116752625
7,3,1,52,63,144.0,0.6700325608253479
7,3,1,53,58,139.0,0.8691508769989014
7,3,1,53,59,157.0,0.9999998807907104
7,3,1,53,60,165.0,1.0
7,3,1,53,61,172.0,1.0
7,3,1,53,62,158.0,0.9999997615814209
7,3,1,53,63,141.0,0.5953346490859985
7,3,1,54,58,152.0,0.6579195261001587
7,3,1,54,59,142.0,0.9999758005142212
7,3,1,54,60,166.0,1.0
7,3,1,54,61,149.0,1.0
7,3,1,54,62,134.0,0.9999735355377197
7,3,1,55,59,150.0,0.5879489183425903
7,3,1,55,60,135.0,0.9819324612617493
7,3,1,55,61,141.0,0.9840893745422363
7,3,2,51,59,160.0,0.9975560903549194
7,3,2,51,60,154.0,0.9999892711639404
7,3,2,51,61,159.0,0.9990046620368958
7,3,2,52,58,150.0,0.9518706798553467
7,3,2,52,59,157.0,0.9999994039535522
7,3,2,52,60,160.0,1.0
7,3,2,52,61,160.0,0.9999986886978149
7,3,2,52,62,148.0,0.7055029273033142
7,3,2,53,58,142.0,0.9649314880371094
7,3,2,53,59,164.0,0.9999997615814209
7,3,2,53,60,173.0,1.0
7,3,2,53,61,149.0,0.9999998807907104
7,3,2,53,62,144.0,0.9832758903503418
7,3,2,54,58,138.0,0.9248420596122742
7,3,2,54,59,131.0,0.9999462366104126
7,3,2,54,60,156.0,0.9999979734420776
7,3,2,54,61,137.0,0.9998645782470703
7,3,2,55,60,137.0,0.5467510223388672
7,3,3,51,59,128.0,0.606711745262146
7,3,3,51,60,151.0,0.9615931510925293
7,3,3,51,61,143.0,0.5191172957420349
7,3,3,52,58,155.0,0.5254600644111633
7,3,3,52,59,158.0,0.9985471367835999
7,3,3,52,60,153.0,0.9997702240943909
7,3,3,52,61,148.0,0.9531297087669373
7,3,3,53,59,145.0,0.9989950060844421
7,3,3,53,60,152.0,0.9998805522918701
7,3,3,53,61,137.0,0.9913702011108398
7,3,3,54,59,151.0,0.9802547097206116
7,3,3,54,60,143.0,0.9799708127975464
8,3,0,50,61,149.0,0.9288842678070068
8,3,0,50,62,177.0,0.9972884654998779
8,3,0,50,63,163.0,0.9210497736930847
8,3,0,51,61,150.0,0.9987398982048035
8,3,0,51,62,205.0,0.9999802112579346
8,3,0,51,63,154.0,0.9993681311607361
8,3,0,51,64,162.0,0.8040686845779419
8,3,0,52,61,168.0,0.9824563264846802
8,3,0,52,62,171.0,0.9997435212135315
8,3,0,52,63,178.0,0.9982383251190186
8,3,0,52,64,168.0,0.892706036567688
8,3,0,53,62,155.0,0.8100593686103821
8,3,0,53,63,158.0,0.8760554194450378
8,3,1,49,61,153.0,0.9589635133743286
8,3,1,49,62,167.0,0.9851083159446716
8,3,1,50,61,156.0,0.9980463981628418
8,3,1,50,62,145.0,0.9998397827148438
8,3,1,50,63,151.0,0.9438362717628479
8,3,1,51,61,163.0,0.9997114539146423
8,3,1,51,62,159.0,0.9999731779098511
8,3,1,51,63,154.0,0.9952419996261597
8,3,1,52,61,159.0,0.9185615181922913
8,3,1,52,62,156.0,0.9970893263816833
8,3,1,52,63,157.0,0.8861889839172363
8,3,2,49,61,166.0,0.9480769038200378
8,3,2,49,62,155.0,0.9547998309135437
8,3,2,50,61,170.0,0.98527991771698
8,3,2,50,62,155.0,0.9846488833427429
8,3,2,51,61,152.0,0.8245255947113037
8,3,2,51,62,152.0,0.5120775103569031
9,2,0,37,71,153.0,0.7524368166923523
9,2,0,37,72,156.0,0.9281130433082581
9,2,0,38,71,158.0,0.9937102794647217
9,2,0,38,72,144.0,0.9998550415039062
9,2,0,38,73,152.0,0.9962612986564636
9,2,0,39,71,151.0,0.9218884706497192
9,2,0,39,72,168.0,0.9988086223602295
9,2,0,39,73,165.0,0.9964079260826111
9,2,0,39,74,152.0,0.6494819521903992
9,2,0,40,72,160.0,0.9740410447120667
9,2,0,40,73,155.0,0.9917306303977966
9,2,0,40,74,156.0,0.9820767641067505
9,2,0,41,72,149.0,0.7703973054885864
9,2,0,41,73,175.0,0.9634926319122314
9,2,0,41,74,155.0,0.9936767220497131
9,2,0,41,75,149.0,0.9401184320449829
9,2,0,42,74,152.0,0.9164286255836487
9,2,0,42,75,150.0,0.8401667475700378
9,2,1,36,71,131.0,0.6243439316749573
9,2,1,36,72,156.0,0.6893673539161682
9,2,1,37,71,151.0,0.9962827563285828
9,2,1,37,72,146.0,0.9993875026702881
9,2,1,37,73,158.0,0.9836539626121521
9,2,1,38,70,143.0,0.7166481018066406
9,2,1,38,71,151.0,0.9998801946640015
9,2,1,38,72,167.0,0.9999831914901733
9,2,1,38,73,160.0,0.9998902082443237
9,2,1,39,71,166.0,0.9911695718765259
9,2,1,39,72,169.0,0.9993195533752441
9,2,1,39,73,152.0,0.9996476173400879
9,2,1,40,71,151.0,0.5323848128318787
9,2,1,40,72,140.0,0.9544662237167358
9,2,1,40,73,155.0,0.9861571788787842
9,2,1,40,74,148.0,0.622892439365387
9,2,1,41,73,140.0,0.6137388944625854
9,2,1,41,74,152.0,0.6644951105117798
9,2,2,36,72,140.0,0.6481139659881592
9,2,2,37,71,148.0,0.9480186104774475
9,2,2,37,72,148.0,0.9977693557739258
9,2,2,37,73,149.0,0.9660633206367493
9,2,2,38,71,154.0,0.9968596696853638
9,2,2,38,72,168.0,0.9998784065246582
9,2,2,38,73,154.0,0.995961606502533
9,2,2,39,71,144.0,0.8233944773674011
9,2,2,39,72,163.0,0.9833641052246094
9,2,2,39,73,134.0,0.8276568651199341
9,2,3,37,72,135.0,0.7036907076835632
9,2,3,38,71,141.0,0.880477249622345
9,2,3,38,72,141.0,0.9765743017196655
9,2,3,38,73,142.0,0.5044661164283752
9,3,0,48,63,148.0,0.9205106496810913
9,3,0,48,64,143.0,0.9839112758636475
9,3,0,48,65,134.0,0.9443981647491455
9,3,0,48,66,147.0,0.7666004300117493
9,3,0,49,62,139.0,0.9741173982620239
9,3,0,49,63,155.0,0.9999798536300659
9,3,0,49,64,155.0,0.9999979734420776
9,3,0,49,65,154.0,0.9999666213989258
9,3,0,49,66,150.0,0.9975302815437317
9,3,0,49,67,144.0,0.8543018698692322
9,3,0,50,62,142.0,0.9942086935043335
9,3,0,50,63,159.0,0.9999967813491821
9,3,0,50,64,179.0,0.9999998807907104
9,3,0,50,65,172.0,0.9999995231628418
9,3,0,50,66,149.0,0.999946117401123
9,3,0,50,67,147.0,0.9868170619010925
9,3,0,51,62,155.0,0.9871267676353455
9,3,0,51,63,154.0,0.9999743700027466
9,3,0,51,64,162.0,0.9999996423721313
9,3,0,51,65,169.0,0.9999998807907104
9,3,0,51,66,157.0,0.9999992847442627
9,3,0,51,67,155.0,0.9999703168869019
9,3,0,51,68,150.0,0.9957804679870605
9,3,0,51,69,130.0,0.6002675294876099
9,3,0,52,62,145.0,0.7640265226364136
9,3,0,52,63,168.0,0.9952753782272339
9,3,0,52,64,151.0,0.9998496770858765
9,3,0,52,65,160.0,0.9999936819076538
9,3,0,52,66,146.0,0.9999996423721313
9,3,0,52,67,160.0,0.9999986886978149
9,3,0,52,68,155.0,0.999902606010437
9,3,0,52,69,151.0,0.9759827852249146
9,3,0,53,63,144.0,0.5323895812034607
9,3,0,53,64,152.0,0.933976411819458
9,3,0,53,65,159.0,0.9975076913833618
9,3,0,53,66,154.0,0.9999339580535889
9,3,0,53,67,150.0,0.9999630451202393
9,3,0,53,68,152.0,0.9996806383132935
9,3,0,53,69,149.0,0.9818785786628723
9,3,0,54,66,162.0,0.8865952491760254
9,3,0,54,67,141.0,0.9731491804122925
9,3,0,54,68,139.0,0.9372344017028809
9,3,0,54,69,147.0,0.7226014733314514
9,3,1,48,62,143.0,0.9845203757286072
9,3,1,48,63,150.0,0.9997082352638245
9,3,1,48,64,156.0,0.9996480941772461
9,3,1,48,65,158.0,0.9940052628517151
9,3,1,48,66,155.0,0.8191870450973511
9,3,1,49,61,141.0,0.6032560467720032
9,3,1,49,62,148.0,0.999528169631958
9,3,1,49,63,171.0,0.9999991655349731
9,3,1,49,64,161.0,0.9999995231628418
9,3,1,49,65,165.0,0.9999748468399048
9,3,1,49,66,147.0,0.993815541267395
9,3,1,50,62,160.0,0.9983281493186951
9,3,1,50,63,156.0,0.9999995231628418
9,3,1,50,64,165.0,1.0
9,3,1,50,65,144.0,0.9999986886978149
9,3,1,50,66,148.0,0.9995415210723877
9,3,1,50,67,143.0,0.7081286907196045
9,3,1,51,62,148.0,0.9398203492164612
9,3,1,51,63,155.0,0.999902606010437
9,3,1,51,64,142.0,0.999997615814209
9,3,1,51,65,133.0,0.9999984502792358
9,3,1,51,66,151.0,0.9999946355819702
9,3,1,51,67,134.0,0.999703586101532
9,3,1,51,68,135.0,0.9261655211448669
9,3,1,52,63,142.0,0.8523776531219482
9,3,1,52,64,147.0,0.9911604523658752
9,3,1,52,65,146.0,0.9998784065246582
9,3,1,52,66,157.0,0.9999978542327881
9,3,1,52,67,164.0,0.9999982118606567
9,3,1,52,68,148.0,0.9990528225898743
9,3,1,53,65,141.0,0.9689440727233887
9,3,1,53,66,149.0,0.9998651742935181
9,3,1,53,67,153.0,0.9999580383300781
9,3,1,53,68,156.0,0.9984515905380249
9,3,1,53,69,135.0,0.5701225996017456
9,3,1,54,66,142.0,0.8928689360618591
9,3,1,54,67,163.0,0.9568251967430115
9,3,1,54,68,148.0,0.6970989108085632
9,3,2,48,62,151.0,0.5767583250999451
9,3,2,48,63,150.0,0.9330854415893555
9,3,2,48,64,143.0,0.8752782344818115
9,3,2,49,62,156.0,0.7327046394348145
9,3,2,49,63,157.0,0.9979403614997864
9,3,2,49,64,145.0,0.9982402324676514
9,3,2,49,65,155.0,0.8808291554450989
9,3,2,50,63,135.0,0.9962967038154602
9,3,2,50,64,141.0,0.9978945851325989
9,3,2,50,65,140.0,0.9245681762695312
9,3,2,51,64,147.0,0.5666642785072327
9,3,2,51,65,153.0,0.6659911870956421
9,3,2,52,66,150.0,0.9195537567138672
9,3,2,52,67,145.0,0.858184278011322
9,3,2,53,66,155.0,0.7397217750549316
9,3,2,53,67,144.0,0.5941603779792786
10,2,0,39,72,176.0,0.653817892074585
10,2,0,39,73,167.0,0.8797252774238586
10,2,0,40,72,146.0,0.9461969137191772
10,2,0,40,73,152.0,0.9799266457557678
10,2,0,40,74,163.0,0.802861750125885
10,2,0,41,72,171.0,0.879693329334259
10,2,0,41,73,162.0,0.9307627081871033
10,2,0,41,74,174.0,0.840358555316925
10,2,1,39,72,163.0,0.6832730174064636
10,2,1,39,73,158.0,0.574200451374054
10,2,1,40,72,170.0,0.754470705986023
10,2,1,40,73,155.0,0.8831670880317688
10,2,1,41,73,149.0,0.6769557595252991
10,3,0,48,64,135.0,0.7692157626152039
10,3,0,48,65,151.0,0.7307027578353882
10,3,0,49,63,153.0,0.9962498545646667
10,3,0,49,64,152.0,0.9999978542327881
10,3,0,49,65,157.0,0.9999988079071045
10,3,0,49,66,155.0,0.9995192289352417
10,3,0,50,63,154.0,0.9999256134033203
10,3,0,50,64,153.0,1.0
10,3,0,50,65,176.0,1.0
10,3,0,50,66,170.0,1.0
10,3,0,50,67,143.0,0.9998214840888977
10,3,0,50,68,152.0,0.754271388053894
10,3,0,51,63,147.0,0.9996770620346069
10,3,0,51,64,172.0,1.0
10,3,0,51,65,161.0,1.0
10,3,0,51,66,162.0,1.0
10,3,0,51,67,179.0,0.9999973773956299
10,3,0,51,68,158.0,0.9880288243293762
10,3,0,52,63,151.0,0.5868508219718933
10,3,0,52,64,158.0,0.9998447895050049
10,3,0,52,65,162.0,0.9999995231628418
10,3,0,52,66,162.0,0.9999997615814209
10,3,0,52,67,155.0,0.9999924898147583
10,3,0,52,68,157.0,0.9969667792320251
10,3,0,53,65,147.0,0.8307788372039795
10,3,0,53,66,134.0,0.9948307871818542
10,3,0,53,67,168.0,0.9962376356124878
10,3,0,53,68,157.0,0.9790580868721008
10,3,0,53,69,163.0,0.8281296491622925
10,3,0,54,70,150.0,0.7536088228225708
10,3,0,54,71,161.0,0.8542584776878357
10,3,0,54,72,154.0,0.5874406695365906
10,3,0,55,70,149.0,0.871907114982605
10,3,0,55,71,153.0,0.9590227007865906
10,3,0,55,72,149.0,0.9201245307922363
10,3,0,56,70,141.0,0.5965922474861145
10,3,0,56,71,131.0,0.9714715480804443
10,3,1,48,63,151.0,0.8615039587020874
10,3,1,48,64,144.0,0.9977946281433105
10,3,1,48,65,138.0,0.9813883304595947
10,3,1,49,63,154.0,0.9999934434890747
10,3,1,49,64,156.0,1.0
10,3,1,49,65,167.0,1.0
10,3,1,49,66,148.0,0.9991033673286438
10,3,1,50,63,156.0,0.9999988079071045
10,3,1,50,64,173.0,1.0
10,3,1,50,65,169.0,1.0
10,3,1,50,66,155.0,1.0
10,3,1,50,67,142.0,0.9980046153068542
10,3,1,51,63,151.0,0.9999749660491943
10,3,1,51,64,142.0,1.0
10,3,1,51,65,150.0,1.0
10,3,1,51,66,154.0,1.0
10,3,1,51,67,141.0,0.9999833106994629
10,3,1,51,68,142.0,0.6727088093757629
10,3,1,52,64,144.0,0.9994162321090698
10,3,1,52,65,147.0,0.9999994039535522
10,3,1,52,66,149.0,0.9999995231628418
10,3,1,52,67,148.0,0.999980092048645
10,3,1,52,68,134.0,0.9693534970283508
10,3,1,53,66,170.0,0.9579217433929443
10,3,1,53,67,152.0,0.9083534479141235
10,3,1,53,68,147.0,0.616920530796051
10,3,1,54,71,145.0,0.7698138356208801
10,3,1,55,70,140.0,0.6406856179237366
10,3,1,55,71,146.0,0.9197208285331726
10,3,1,55,72,145.0,0.68803870677948
10,3,1,56,71,150.0,0.9593037962913513
10,3,2,48,63,142.0,0.5969217419624329
10,3,2,48,64,150.0,0.9573128819465637
10,3,2,48,65,162.0,0.6535736918449402
10,3,2,49,63,163.0,0.9993501305580139
10,3,2,49,64,151.0,0.9999822378158569
10,3,2,49,65,159.0,0.9994184970855713
10,3,2,50,63,152.0,0.9997697472572327
10,3,2,50,64,161.0,0.9999988079071045
10,3,2,50,65,138.0,0.9999955892562866
10,3,2,50,66,131.0,0.9885725975036621
10,3,2,51,63,150.0,0.9960411787033081
10,3,2,51,64,148.0,0.9999657869338989
10,3,2,51,65,168.0,0.9999666213989258
10,3,2,51,66,145.0,0.9954116940498352
10,3,2,51,67,147.0,0.505333662033081
10,3,2,52,65,144.0,0.9465987682342529
10,3,2,52,66,150.0,0.8914470076560974
10,3,3,49,64,146.0,0.6570992469787598
10,3,3,50,64,137.0,0.7769149541854858
11,2,0,40,72,155.0,0.5520748496055603
11,2,0,40,73,175.0,0.9067193269729614
11,2,0,40,74,156.0,0.5556123852729797
11,2,0,41,72,156.0,0.5734988451004028
11,2,0,41,73,155.0,0.9424147605895996
11,2,0,41,74,169.0,0.8940907716751099
11,2,0,42,72,147.0,0.5879771113395691
11,2,0,42,73,149.0,0.9420204162597656
11,2,0,42,74,167.0,0.92283034324646
11,2,1,40,72,157.0,0.7992931604385376
11,2,1,41,72,153.0,0.8719215393066406
11,2,1,41,73,155.0,0.739801287651062
11,2,1,42,73,153.0,0.545547366142273
11,2,1,42,74,150.0,0.5309973359107971
11,2,2,39,71,168.0,0.5608360767364502
11,2,2,39,72,163.0,0.784456193447113
11,2,2,40,72,158.0,0.832526683807373
11,2,2,41,72,158.0,0.6357001066207886
11,2,3,39,71,153.0,0.6665643453598022
11,2,3,39,72,155.0,0.7983117699623108
11,2,3,40,71,143.0,0.758586585521698
11,2,3,40,72,161.0,0.8894792199134827
11,2,3,41,72,138.0,0.5386264324188232
11,3,0,52,66,142.0,0.542266309261322
11,3,0,52,67,146.0,0.859664797782898
11,3,0,52,68,138.0,0.9925432205200195
11,3,0,52,69,166.0,0.9980534315109253
11,3,0,52,70,146.0,0.9790908098220825
11,3,0,53,65,151.0,0.7480026483535767
11,3,0,53,66,141.0,0.9973068237304688
11,3,0,53,67,145.0,0.9999842643737793
11,3,0,53,68,163.0,0.9999998807907104
11,3,0,53,69,144.0,0.9999997615814209
11,3,0,53,70,146.0,0.9998149275779724
11,3,0,53,71,139.0,0.5275469422340393
11,3,0,54,66,134.0,0.9989495873451233
11,3,0,54,67,160.0,0.9999998807907104
11,3,0,54,68,163.0,1.0
11,3,0,54,69,164.0,1.0
11,3,0,54,70,148.0,0.9999923706054688
11,3,0,54,71,148.0,0.8696228265762329
11,3,0,55,66,145.0,0.9859523773193359
11,3,0,55,67,155.0,0.9999991655349731
11,3,0,55,68,168.0,1.0
11,3,0,55,69,151.0,1.0
11,3,0,55,70,147.0,0.9999978542327881
11,3,0,55,71,137.0,0.9620888829231262
11,3,0,56,67,141.0,0.9986239671707153
11,3,0,56,68,170.0,0.9999969005584717
11,3,0,56,69,142.0,0.9999994039535522
11,3,0,56,70,158.0,0.9999808073043823
11,3,0,56,71,153.0,0.9625280499458313
11,3,0,57,68,171.0,0.8671298623085022
11,3,0,57,69,178.0,0.997503936290741
11,3,0,57,70,162.0,0.996317982673645
11,3,0,57,71,159.0,0.6997573971748352
11,3,1,51,64,138.0,0.625458836555481
11,3,1,51,65,132.0,0.7393606305122375
11,3,1,52,64,141.0,0.5519876480102539
11,3,1,52,65,131.0,0.9210824966430664
11,3,1,52,66,143.0,0.940655529499054
11,3,1,52,67,149.0,0.9569244980812073
11,3,1,52,68,146.0,0.9926325678825378
11,3,1,52,69,145.0,0.9954807758331299
11,3,1,52,70,137.0,0.8520610332489014
11,3,1,53,65,150.0,0.9973853230476379
11,3,1,53,66,157.0,0.9999901056289673
11,3,1,53,67,147.0,0.9999997615814209
11,3,1,53,68,157.0,1.0
11,3,1,53,69,149.0,0.9999998807907104
11,3,1,53,70,153.0,0.9994683861732483
11,3,1,54,65,161.0,0.9951795339584351
11,3,1,54,66,152.0,0.999998927116394
11,3,1,54,67,156.0,1.0
11,3,1,54,68,161.0,1.0
11,3,1,54,69,163.0,1.0
11,3,1,54,70,147.0,0.9999969005584717
11,3,1,54,71,134.0,0.7181851863861084
11,3,1,55,65,147.0,0.8752865791320801
11,3,1,55,66,152.0,0.9999651908874512
11,3,1,55,67,166.0,1.0
11,3,1,55,68,153.0,1.0
11,3,1,55,69,151.0,1.0
11,3,1,55,70,148.0,0.9999992847442627
11,3,1,55,71,152.0,0.8707505464553833
11,3,1,56,66,144.0,0.9451816082000732
11,3,1,56,67,161.0,0.9999734163284302
11,3,1,56,68,155.0,0.9999998807907104
11,3,1,56,69,148.0,0.9999998807907104
11,3,1,56,70,159.0,0.9999819993972778
11,3,1,56,71,155.0,0.9195181727409363
11,3,1,57,68,150.0,0.9417703151702881
11,3,1,57,69,150.0,0.9979134202003479
11,3,1,57,70,157.0,0.9880850911140442
11,3,2,51,64,141.0,0.6273491382598877
11,3,2,51,65,146.0,0.7228177189826965
11,3,2,52,65,140.0,0.9239950180053711
11,3,2,52,66,154.0,0.6839048266410828
11,3,2,53,64,151.0,0.7642846703529358
11,3,2,53,65,147.0,0.9982763528823853
11,3,2,53,66,147.0,0.999945878982544
11,3,2,53,67,157.0,0.9998942613601685
11,3,2,53,68,152.0,0.9993914365768433
11,3,2,53,69,126.0,0.9769455194473267
11,3,2,54,65,153.0,0.9963536262512207
11,3,2,54,66,160.0,0.9999958276748657
11,3,2,54,67,155.0,0.9999998807907104
11,3,2,54,68,173.0,0.9999996423721313
11,3,2,54,69,147.0,0.999963641166687
11,3,2,54,70,145.0,0.8742288947105408
11,3,2,55,65,151.0,0.9058887958526611
11,3,2,55,66,145.0,0.9999420642852783
11,3,2,55,67,140.0,0.9999991655349731
11,3,2,55,68,161.0,0.9999995231628418
11,3,2,55,69,152.0,0.9999727010726929
11,3,2,55,70,144.0,0.8696882724761963
11,3,2,56,66,158.0,0.8846974968910217
11,3,2,56,67,149.0,0.9982917904853821
11,3,2,56,68,149.0,0.9988825917243958
11,3,2,56,69,139.0,0.9936991930007935
11,3,2,56,70,144.0,0.5509346723556519
11,3,3,53,65,138.0,0.6148239970207214
11,3,3,53,66,140.0,0.865142822265625
11,3,3,53,67,156.0,0.9044960141181946
11,3,3,53,68,145.0,0.7172925472259521
11,3,3,54,65,159.0,0.6521677374839783
11,3,3,54,66,162.0,0.9734612703323364
11,3,3,54,67,136.0,0.9910090565681458
11,3,3,54,68,151.0,0.940971851348877
11,3,3,55,66,157.0,0.9565873146057129
11,3,3,55,67,153.0,0.9893382787704468
11,3,3,55,68,139.0,0.9079828858375549
12,3,0,49,65,153.0,0.9377337694168091
12,3,0,49,66,144.0,0.9401998519897461
12,3,0,49,67,147.0,0.9517748951911926
12,3,0,49,68,146.0,0.9682190418243408
12,3,0,50,64,142.0,0.9047293663024902
12,3,0,50,65,159.0,0.9986360669136047
12,3,0,50,66,158.0,0.9998955726623535
12,3,0,50,67,158.0,0.9999982118606567
12,3,0,50,68,171.0,0.9999992847442627
12,3,0,50,69,175.0,0.9998120665550232
12,3,0,51,64,142.0,0.8027466535568237
12,3,0,51,65,155.0,0.9989135265350342
12,3,0,51,66,158.0,0.9999986886978149
12,3,0,51,67,167.0,1.0
12,3,0,51,68,174.0,1.0
12,3,0,51,69,152.0,1.0
12,3,0,51,70,158.0,0.999090313911438
12,3,0,52,65,153.0,0.6043761372566223
12,3,0,52,66,142.0,0.9997642636299133
12,3,0,52,67,160.0,1.0
12,3,0,52,68,183.0,1.0
12,3,0,52,69,172.0,0.9999998807907104
12,3,0,52,70,152.0,0.9997171759605408
12,3,0,53,66,144.0,0.5669981241226196
12,3,0,53,67,161.0,0.9996817111968994
12,3,0,53,68,168.0,0.9999933242797852
12,3,0,53,69,166.0,0.9999634027481079
12,3,0,53,70,147.0,0.9944497346878052
12,3,0,54,69,161.0,0.6116709113121033
12,3,0,54,70,143.0,0.5103838443756104
12,3,1,49,64,149.0,0.9951450228691101
12,3,1,49,65,165.0,0.9998788833618164
12,3,1,49,66,154.0,0.9991140961647034
12,3,1,49,67,148.0,0.9946464896202087
12,3,1,49,68,160.0,0.9880560636520386
12,3,1,50,64,166.0,0.9997192025184631
12,3,1,50,65,147.0,0.9999991655349731
12,3,1,50,66,152.0,0.9999998807907104
12,3,1,50,67,174.0,1.0
12,3,1,50,68,158.0,0.9999998807907104
12,3,1,50,69,161.0,0.999525785446167
12,3,1,51,64,166.0,0.9951359629631042
12,3,1,51,65,144.0,0.9999988079071045
12,3,1,51,66,159.0,1.0
12,3,1,51,67,165.0,1.0
12,3,1,51,68,154.0,1.0
12,3,1,51,69,145.0,0.9999998807907104
12,3,1,51,70,143.0,0.916889488697052
12,3,1,52,65,138.0,0.9863258004188538
12,3,1,52,66,163.0,0.9999926090240479
12,3,1,52,67,144.0,1.0
12,3,1,52,68,156.0,1.0
12,3,1,52,69,160.0,0.9999984502792358
12,3,1,52,70,161.0,0.9566012024879456
12,3,1,53,66,151.0,0.6741562485694885
12,3,1,53,67,146.0,0.9951606392860413
12,3,1,53,68,136.0,0.9995604157447815
12,3,1,53,69,139.0,0.9959070682525635
12,3,1,53,70,138.0,0.7015880942344666
12,3,2,49,64,148.0,0.9862393736839294
12,3,2,49,65,159.0,0.9995658993721008
12,3,2,49,66,146.0,0.9959534406661987
12,3,2,49,67,161.0,0.9004456996917725
12,3,2,50,64,162.0,0.997590184211731
12,3,2,50,65,154.0,0.9999958276748657
12,3,2,50,66,161.0,0.9999978542327881
12,3,2,50,67,151.0,0.9999927282333374
12,3,2,50,68,149.0,0.9995623230934143
12,3,2,51,64,129.0,0.9772589206695557
12,3,2,51,65,153.0,0.9999982118606567
12,3,2,51,66,182.0,1.0
12,3,2,51,67,158.0,1.0
12,3,2,51,68,154.0,0.9999939203262329
12,3,2,51,69,142.0,0.8615696430206299
12,3,2,52,65,155.0,0.9916681051254272
12,3,2,52,66,143.0,0.9999706745147705
12,3,2,52,67,152.0,0.9999948740005493
12,3,2,52,68,140.0,0.99944669008255
12,3,3,49,65,156.0,0.8210340142250061
12,3,3,49,66,139.0,0.6565569043159485
12,3,3,50,65,150.0,0.989585816860199
12,3,3,50,66,126.0,0.9968414306640625
12,3,3,50,67,148.0,0.988493025302887
12,3,3,51,65,146.0,0.9926887154579163
12,3,3,51,66,157.0,0.9996780157089233
12,3,3,51,67,152.0,0.9996097683906555
12,3,3,51,68,148.0,0.8624582886695862
12,3,3,52,65,142.0,0.7164497971534729
12,3,3,52,66,148.0,0.9944933652877808
12,3,3,52,67,144.0,0.9973896145820618
12,3,3,52,68,139.0,0.8441789746284485
13,2,0,39,72,143.0,0.5147401094436646
13,2,1,38,71,144.0,0.5476255416870117
13,2,1,38,72,163.0,0.670945405960083
13,2,1,39,71,156.0,0.5650011897087097
13,2,1,39,72,146.0,0.8089441061019897
13,2,1,40,72,144.0,0.6447785496711731
13,3,0,47,67,139.0,0.6719204783439636
13,3,0,48,65,140.0,0.93895423412323
13,3,0,48,66,154.0,0.9999887943267822
13,3,0,48,67,157.0,0.9999977350234985
13,3,0,48,68,162.0,0.9998206496238708
13,3,0,49,65,153.0,0.9998419284820557
13,3,0,49,66,163.0,1.0
13,3,0,49,67,170.0,1.0
13,3,0,49,68,161.0,0.9999998807907104
13,3,0,49,69,149.0,0.9993243217468262
13,3,0,50,65,153.0,0.9999476671218872
13,3,0,50,66,156.0,1.0
13,3,0,50,67,164.0,1.0
13,3,0,50,68,178.0,1.0
13,3,0,50,69,162.0,0.9999938011169434
13,3,0,50,70,147.0,0.9753562211990356
13,3,0,51,65,163.0,0.9969285130500793
13,3,0,51,66,158.0,0.9999998807907104
13,3,0,51,67,177.0,1.0
13,3,0,51,68,169.0,1.0
13,3,0,51,69,172.0,0.9999991655349731
13,3,0,51,70,141.0,0.9996110796928406
13,3,0,52,66,151.0,0.9941177368164062
13,3,0,52,67,161.0,0.9999806880950928
13,3,0,52,68,159.0,0.9999959468841553
13,3,0,52,69,155.0,0.9999715089797974
13,3,0,52,70,155.0,0.9977027773857117
13,3,0,53,67,144.0,0.7891432046890259
13,3,0,53,68,155.0,0.9942822456359863
13,3,0,53,69,143.0,0.9965732097625732
13,3,0,53,70,147.0,0.9525203704833984
13,3,1,47,66,136.0,0.8862848281860352
13,3,1,47,67,141.0,0.8482524752616882
13,3,1,48,64,157.0,0.9467772245407104
13,3,1,48,65,147.0,0.9999903440475464
13,3,1,48,66,149.0,1.0
13,3,1,48,67,164.0,1.0
13,3,1,48,68,145.0,0.999943733215332
13,3,1,49,64,135.0,0.9858104586601257
13,3,1,49,65,153.0,1.0
13,3,1,49,66,171.0,1.0
13,3,1,49,67,165.0,1.0
13,3,1,49,68,157.0,1.0
13,3,1,49,69,158.0,0.9978371262550354
13,3,1,50,64,144.0,0.9179319143295288
13,3,1,50,65,159.0,0.9999998807907104
13,3,1,50,66,167.0,1.0
13,3,1,50,67,175.0,1.0
13,3,1,50,68,160.0,1.0
13,3,1,50,69,136.0,0.9999587535858154
13,3,1,51,65,160.0,0.9998053908348083
13,3,1,51,66,145.0,1.0
13,3,1,51,67,145.0,1.0
13,3,1,51,68,142.0,1.0
13,3,1,51,69,144.0,0.9999730587005615
13,3,1,51,70,146.0,0.7058473825454712
13,3,1,52,66,135.0,0.9540352821350098
13,3,1,52,67,142.0,0.9992172718048096
13,3,1,52,68,151.0,0.9998738765716553
13,3,1,52,69,141.0,0.9989380240440369
13,3,1,52,70,145.0,0.870964527130127
13,3,1,53,68,145.0,0.7154865860939026
13,3,1,53,69,145.0,0.8703058362007141
13,3,2,47,65,131.0,0.5083125233650208
13,3,2,47,66,140.0,0.8503597974777222
13,3,2,48,64,148.0,0.9672946929931641
13,3,2,48,65,136.0,0.999997615814209
13,3,2,48,66,163.0,1.0
13,3,2,48,67,166.0,0.9999992847442627
13,3,2,48,68,138.0,0.951887845993042
13,3,2,49,64,143.0,0.980274498462677
13,3,2,49,65,150.0,1.0
13,3,2,49,66,153.0,1.0
13,3,2,49,67,152.0,1.0
13,3,2,49,68,146.0,0.9999192953109741
13,3,2,50,64,139.0,0.706102192401886
13,3,2,50,65,140.0,0.9999988079071045
13,3,2,50,66,166.0,1.0
13,3,2,50,67,139.0,1.0
13,3,2,50,68,155.0,0.9998136162757874
13,3,2,51,65,151.0,0.9856536984443665
13,3,2,51,66,147.0,0.9999314546585083
13,3,2,51,67,121.0,0.9997115731239319
13,3,2,51,68,148.0,0.9470311999320984
13,3,3,47,66,133.0,0.7375015020370483
13,3,3,48,64,152.0,0.6764645576477051
13,3,3,48,65,170.0,0.9998646974563599
13,3,3,48,66,146.0,0.9999922513961792
13,3,3,48,67,155.0,0.9990702271461487
13,3,3,49,64,149.0,0.8923254609107971
13,3,3,49,65,157.0,0.9999867677688599
13,3,3,49,66,164.0,0.9999998807907104
13,3,3,49,67,156.0,0.9999878406524658
13,3,3,49,68,142.0,0.6182863712310791
13,3,3,50,64,142.0,0.516520619392395
13,3,3,50,65,143.0,0.9998045563697815
13,3,3,50,66,142.0,0.9999947547912598
13,3,3,50,67,157.0,0.9997794032096863
13,3,3,50,68,140.0,0.562434732913971
13,3,3,51,66,139.0,0.9404049515724182
13,3,3,51,67,141.0,0.8702853918075562
13,3,4,49,66,134.0,0.6146616339683533
14,3,0,48,66,148.0,0.6400490403175354
14,3,0,48,67,165.0,0.9539812207221985
14,3,0,48,68,142.0,0.6488214135169983
14,3,0,49,66,149.0,0.9942189455032349
14,3,0,49,67,187.0,0.9998441934585571
14,3,0,49,68,171.0,0.9992632269859314
14,3,0,49,69,149.0,0.5831883549690247
14,3,0,50,66,167.0,0.9948050379753113
14,3,0,50,67,170.0,0.9999886751174927
14,3,0,50,68,161.0,0.9999878406524658
14,3,0,50,69,157.0,0.9902646541595459
14,3,0,51,66,139.0,0.7093923687934875
14,3,0,51,67,157.0,0.9976970553398132
14,3,0,51,68,166.0,0.9994497895240784
14,3,0,51,69,167.0,0.9603036642074585
14,3,0,52,68,167.0,0.7446421384811401
14,3,1,48,66,153.0,0.9809713959693909
14,3,1,48,67,145.0,0.9959142804145813
14,3,1,48,68,164.0,0.8948041200637817
14,3,1,49,65,156.0,0.8441359996795654
14,3,1,49,66,155.0,0.9985979199409485
14,3,1,49,67,170.0,0.9999674558639526
14,3,1,49,68,162.0,0.9995624423027039
14,3,1,49,69,149.0,0.536178469657898
14,3,1,50,65,142.0,0.5010485053062439
14,3,1,50,66,147.0,0.9991113543510437
14,3,1,50,67,160.0,0.9999985694885254
14,3,1,50,68,159.0,0.9999954700469971
14,3,1,50,69,156.0,0.9704222083091736
14,3,1,51,66,143.0,0.7391365170478821
14,3,1,51,67,153.0,0.9988623857498169
14,3,1,51,68,152.0,0.9994916915893555
14,3,1,51,69,136.0,0.8126203417778015
14,3,1,52,68,150.0,0.5364524126052856
14,3,2,48,65,147.0,0.6262890100479126
14,3,2,48,66,154.0,0.9516617655754089
14,3,2,48,67,156.0,0.8961827754974365
14,3,2,49,65,154.0,0.6848441362380981
14,3,2,49,66,161.0,0.9832412004470825
14,3,2,49,67,167.0,0.9827694892883301
14,3,2,49,68,144.0,0.5064988136291504
14,3,2,50,66,154.0,0.9804537296295166
14,3,2,50,67,144.0,0.9950398802757263
14,3,2,50,68,149.0,0.8375317454338074
14,3,3,49,66,151.0,0.6203963160514832
15,3,0,49,65,139.0,0.9557451605796814
15,3,0,49,66,151.0,0.9419658184051514
15,3,0,50,63,130.0,0.7266194820404053
15,3,0,50,64,135.0,0.9999560117721558
15,3,0,50,65,150.0,0.9999998807907104
15,3,0,50,66,142.0,0.9999991655349731
15,3,0,50,67,148.0,0.9941579103469849
15,3,0,51,63,150.0,0.9997022747993469
15,3,0,51,64,145.0,1.0
15,3,0,51,65,158.0,1.0
15,3,0,51,66,169.0,1.0
15,3,0,51,67,147.0,0.9999691247940063
15,3,0,51,68,152.0,0.5565324425697327
15,3,0,52,63,136.0,0.9993257522583008
15,3,0,52,64,148.0,0.9999998807907104
15,3,0,52,65,159.0,1.0
15,3,0,52,66,158.0,1.0
15,3,0,52,67,136.0,0.9999935626983643
15,3,0,52,68,145.0,0.9754415154457092
15,3,0,53,63,135.0,0.7936776876449585
15,3,0,53,64,141.0,0.9996110796928406
15,3,0,53,65,162.0,0.9999587535858154
15,3,0,53,66,164.0,0.9999003410339355
15,3,0,53,67,152.0,0.99710613489151
15,3,0,53,68,147.0,0.7679997682571411
15,3,1,49,63,132.0,0.6154594421386719
15,3,1,49,64,147.0,0.9981833100318909
15,3,1,49,65,128.0,0.9999810457229614
15,3,1,49,66,140.0,0.9980124235153198
15,3,1,50,63,148.0,0.9998610019683838
15,3,1,50,64,142.0,1.0
15,3,1,50,65,159.0,1.0
15,3,1,50,66,155.0,1.0
15,3,1,50,67,146.0,0.9960640072822571
15,3,1,51,62,142.0,0.8108209371566772
15,3,1,51,63,150.0,0.9999977350234985
15,3,1,51,64,158.0,1.0
15,3,1,51,65,162.0,1.0
15,3,1,51,66,148.0,1.0
15,3,1,51,67,138.0,0.9999804496765137
15,3,1,52,62,135.0,0.6625655889511108
15,3,1,52,63,158.0,0.9999575614929199
15,3,1,52,64,154.0,1.0
15,3,1,52,65,148.0,1.0
15,3,1,52,66,147.0,1.0
15,3,1,52,67,164.0,0.9999945163726807
15,3,1,52,68,140.0,0.96900475025177
15,3,1,53,63,141.0,0.9671300053596497
15,3,1,53,64,141.0,0.9999399185180664
15,3,1,53,65,144.0,0.9999942779541016
15,3,1,53,66,157.0,0.9999628067016602
15,3,1,53,67,149.0,0.997918426990509
15,3,1,53,68,139.0,0.9164763689041138
15,3,1,54,68,146.0,0.5148301720619202
15,3,2,49,63,129.0,0.8112147450447083
15,3,2,49,64,140.0,0.9982942938804626
15,3,2,49,65,145.0,0.9988611936569214
15,3,2,50,63,140.0,0.9941316246986389
15,3,2,50,64,133.0,0.9999957084655762
15,3,2,50,65,148.0,0.999998927116394
15,3,2,50,66,138.0,0.9986042380332947
15,3,2,51,63,132.0,0.9988505840301514
15,3,2,51,64,160.0,0.9999991655349731
15,3,2,51,65,145.0,0.9999997615814209
15,3,2,51,66,141.0,0.999774158000946
15,3,2,52,63,141.0,0.9824708104133606
15,3,2,52,64,148.0,0.9999760389328003
15,3,2,52,65,145.0,0.9999955892562866
15,3,2,52,66,149.0,0.999570906162262
15,3,2,52,67,150.0,0.864301860332489
15,3,2,53,64,127.0,0.8897860050201416
15,3,2,53,65,138.0,0.8829398155212402
15,3,3,49,63,143.0,0.5150060057640076
15,3,3,49,64,151.0,0.9680325388908386
15,3,3,49,65,128.0,0.8614615201950073
15,3,3,50,63,132.0,0.8562045693397522
15,3,3,50,64,147.0,0.9991405010223389
15,3,3,50,65,129.0,0.9982666969299316
15,3,3,51,64,155.0,0.985030472278595
15,3,3,51,65,144.0,0.9940496683120728
16,3,0,51,63,156.0,0.9831821918487549
16,3,0,51,64,149.0,0.9425031542778015
16,3,0,52,62,134.0,0.9508711099624634
16,3,0,52,63,141.0,0.9999504089355469
16,3,0,52,64,150.0,0.9999951124191284
16,3,0,52,65,151.0,0.9999632835388184
16,3,0,52,66,143.0,0.9990307092666626
16,3,0,52,67,140.0,0.833781898021698
16,3,0,53,62,150.0,0.8806284666061401
16,3,0,53,63,147.0,0.9999897480010986
16,3,0,53,64,142.0,0.9999998807907104
16,3,0,53,65,172.0,0.9999997615814209
16,3,0,53,66,170.0,0.9999874830245972
16,3,0,53,67,156.0,0.9970661997795105
16,3,0,54,63,149.0,0.9910408854484558
16,3,0,54,64,163.0,0.9999861717224121
16,3,0,54,65,156.0,0.9999958276748657
16,3,0,54,66,143.0,0.9999674558639526
16,3,0,54,67,148.0,0.9974715709686279
16,3,0,54,68,139.0,0.7345011234283447
16,3,0,55,64,153.0,0.7480252385139465
16,3,0,55,65,140.0,0.9309245944023132
16,3,0,55,66,140.0,0.8619602918624878
16,3,1,51,62,143.0,0.9455044269561768
16,3,1,51,63,137.0,0.999408483505249
16,3,1,51,64,157.0,0.9907846450805664
16,3,1,52,62,150.0,0.9966261386871338
16,3,1,52,63,147.0,0.9999983310699463
16,3,1,52,64,151.0,0.9999996423721313
16,3,1,52,65,142.0,0.9999663829803467
16,3,1,52,66,148.0,0.9973469972610474
16,3,1,52,67,149.0,0.6274983882904053
16,3,1,53,62,142.0,0.9985612034797668
16,3,1,53,63,134.0,0.9999997615814209
16,3,1,53,64,146.0,1.0
16,3,1,53,65,147.0,0.9999997615814209
16,3,1,53,66,148.0,0.9999604225158691
16,3,1,53,67,143.0,0.9863970875740051
16,3,1,54,62,136.0,0.5020238757133484
16,3,1,54,63,139.0,0.9996662139892578
16,3,1,54,64,148.0,0.999997615814209
16,3,1,54,65,146.0,0.9999983310699463
16,3,1,54,66,146.0,0.9999780654907227
16,3,1,54,67,144.0,0.9963592886924744
16,3,1,55,64,146.0,0.9343380928039551
16,3,1,55,65,130.0,0.9840827584266663
16,3,1,55,66,131.0,0.939923882484436
16,3,1,56,67,129.0,0.7443252801895142
16,3,1,57,67,152.0,0.7921589016914368
16,3,1,57,68,145.0,0.6126853227615356
16,3,1,58,67,145.0,0.7786132097244263
16,3,1,58,68,153.0,0.6496171951293945
16,3,2,51,63,140.0,0.8712308406829834
16,3,2,52,62,144.0,0.7604934573173523
16,3,2,52,63,151.0,0.9957069754600525
16,3,2,52,64,135.0,0.9963142275810242
16,3,2,52,65,128.0,0.7233115434646606
16,3,2,53,62,144.0,0.9445542693138123
16,3,2,53,63,138.0,0.9994612336158752
16,3,2,53,64,142.0,0.9994785189628601
16,3,2,53,65,152.0,0.9880092740058899
16,3,2,54,63,147.0,0.9753817915916443
16,3,2,54,64,136.0,0.9968907237052917
16,3,2,54,65,130.0,0.9885824918746948
16,3,2,54,66,135.0,0.8180074095726013
16,3,2,56,67,153.0,0.5743353962898254
16,3,2,57,67,137.0,0.7698284387588501
16,3,2,58,67,158.0,0.8315515518188477
17,3,0,54,65,150.0,0.7578060030937195
17,3,0,54,66,135.0,0.8583126664161682
17,3,0,55,64,128.0,0.774080753326416
17,3,0,55,65,144.0,0.9593934416770935
17,3,0,55,66,143.0,0.9969570636749268
17,3,0,55,67,157.0,0.9968394041061401
17,3,0,55,68,154.0,0.8789635896682739
17,3,0,56,64,148.0,0.9663490056991577
17,3,0,56,65,149.0,0.9990590214729309
17,3,0,56,66,142.0,0.9998937845230103
17,3,0,56,67,144.0,0.9997585415840149
17,3,0,56,68,145.0,0.9822654724121094
17,3,0,57,63,152.0,0.5386115908622742
17,3,0,57,64,150.0,0.9978918433189392
17,3,0,57,65,141.0,0.9999842643737793
17,3,0,57,66,167.0,0.9999945163726807
17,3,0,57,67,148.0,0.9999111890792847
17,3,0,57,68,161.0,0.9917524456977844
17,3,0,58,64,138.0,0.9931784868240356
17,3,0,58,65,167.0,0.9999880790710449
17,3,0,58,66,137.0,0.9999967813491821
17,3,0,58,67,142.0,0.9997907280921936
17,3,0,58,68,136.0,0.9621934294700623
17,3,0,59,64,149.0,0.9109501242637634
17,3,0,59,65,143.0,0.9999390840530396
17,3,0,59,66,153.0,0.9999988079071045
17,3,0,59,67,140.0,0.9999991655349731
17,3,0,59,68,152.0,0.9999600648880005
17,3,0,59,69,143.0,0.9940730929374695
17,3,0,59,70,144.0,0.5286293625831604
17,3,0,60,65,140.0,0.9736165404319763
17,3,0,60,66,151.0,0.9999781847000122
17,3,0,60,67,159.0,0.9999998807907104
17,3,0,60,68,151.0,1.0
17,3,0,60,69,143.0,0.9999914169311523
17,3,0,60,70,141.0,0.9960097074508667
17,3,0,61,66,155.0,0.9919791221618652
17,3,0,61,67,157.0,0.9999992847442627
17,3,0,61,68,166.0,1.0
17,3,0,61,69,154.0,0.9999995231628418
17,3,0,61,70,146.0,0.9996500015258789
17,3,0,61,71,139.0,0.6546257138252258
17,3,0,62,67,153.0,0.9997796416282654
17,3,0,62,68,167.0,0.999998927116394
17,3,0,62,69,142.0,0.9999966621398926
17,3,0,62,70,147.0,0.9998238682746887
17,3,0,63,67,142.0,0.6739351153373718
17,3,0,63,68,153.0,0.9947221279144287
17,3,0,63,69,148.0,0.998634397983551
17,3,0,63,70,148.0,0.9960907101631165
17,3,0,64,68,137.0,0.5718249678611755
17,3,0,64,69,153.0,0.7575720548629761
17,3,0,64,70,143.0,0.6349045634269714
17,3,1,54,64,143.0,0.5033649802207947
17,3,1,54,65,152.0,0.9031297564506531
17,3,1,54,66,138.0,0.9204606413841248
17,3,1,55,64,141.0,0.7778044939041138
17,3,1,55,65,137.0,0.9812015295028687
17,3,1,55,66,149.0,0.9986203908920288
17,3,1,55,67,144.0,0.996580183506012
17,3,1,55,68,141.0,0.7925363183021545
17,3,1,56,64,132.0,0.9900598526000977
17,3,1,56,65,134.0,0.999798595905304
17,3,1,56,66,146.0,0.9999617338180542
17,3,1,56,67,140.0,0.9998706579208374
17,3,1,56,68,136.0,0.9891419410705566
17,3,1,57,63,131.0,0.77606201171875
17,3,1,57,64,143.0,0.9993313550949097
17,3,1,57,65,135.0,0.9999984502792358
17,3,1,57,66,161.0,0.9999994039535522
17,3,1,57,67,141.0,0.9999865293502808
17,3,1,57,68,147.0,0.9982450008392334
17,3,1,57,69,139.0,0.6049675941467285
17,3,1,58,64,148.0,0.9984221458435059
17,3,1,58,65,161.0,0.9999996423721313
17,3,1,58,66,159.0,1.0
17,3,1,58,67,141.0,0.9999979734420776
17,3,1,58,68,139.0,0.9991494417190552
17,3,1,58,69,137.0,0.7708716988563538
17,3,1,59,64,147.0,0.9856851100921631
17,3,1,59,65,147.0,0.9999970197677612
17,3,1,59,66,160.0,1.0
17,3,1,59,67,145.0,1.0
17,3,1,59,68,145.0,0.9999994039535522
17,3,1,59,69,139.0,0.9996989965438843
17,3,1,59,70,141.0,0.6878901124000549
17,3,1,60,65,131.0,0.9908818006515503
17,3,1,60,66,129.0,0.999996542930603
17,3,1,60,67,147.0,1.0
17,3,1,60,68,160.0,1.0
17,3,1,60,69,145.0,0.9999986886978149
17,3,1,60,70,150.0,0.9900582432746887
17,3,1,61,66,142.0,0.9584218263626099
17,3,1,61,67,153.0,0.9999995231628418
17,3,1,61,68,151.0,1.0
17,3,1,61,69,145.0,0.9999995231628418
17,3,1,61,70,132.0,0.9927365779876709
17,3,1,62,67,144.0,0.9983875751495361
17,3,1,62,68,142.0,0.999975323677063
17,3,1,62,69,148.0,0.9999589920043945
17,3,1,62,70,126.0,0.9785919785499573
17,3,1,63,68,155.0,0.833381175994873
17,3,1,63,69,140.0,0.9473985433578491
17,3,1,63,70,154.0,0.6740772128105164
17,3,2,55,66,151.0,0.6980559229850769
17,3,2,56,64,136.0,0.6770383715629578
17,3,2,56,65,135.0,0.9796898365020752
17,3,2,56,66,146.0,0.9892372488975525
17,3,2,56,67,138.0,0.9641013145446777
17,3,2,57,64,153.0,0.884598970413208
17,3,2,57,65,135.0,0.9954524636268616
17,3,2,57,66,130.0,0.9971033930778503
17,3,2,57,67,150.0,0.9863800406455994
17,3,2,57,68,134.0,0.6385987997055054
17,3,2,58,64,141.0,0.829491376876831
17,3,2,58,65,146.0,0.9997908473014832
17,3,2,58,66,142.0,0.9999803304672241
17,3,2,58,67,131.0,0.9996906518936157
17,3,2,58,68,154.0,0.9385921359062195
17,3,2,59,65,143.0,0.9994133710861206
17,3,2,59,66,155.0,0.9999923706054688
17,3,2,59,67,146.0,0.9999880790710449
17,3,2,59,68,142.0,0.9988815188407898
17,3,2,59,69,129.0,0.7952789068222046
17,3,2,60,65,141.0,0.9317787289619446
17,3,2,60,66,153.0,0.999031662940979
17,3,2,60,67,145.0,0.9999644756317139
17,3,2,60,68,144.0,0.999665379524231
17,3,2,60,69,143.0,0.9564298391342163
17,3,2,61,67,150.0,0.988666296005249
17,3,2,61,68,139.0,0.990567147731781
17,3,2,61,69,133.0,0.7981083989143372
17,3,3,58,65,129.0,0.6427892446517944
17,3,3,58,66,136.0,0.8567949533462524
17,3,3,59,66,140.0,0.7613492608070374
17,3,3,60,66,129.0,0.7656027674674988
18,3,0,55,66,160.0,0.512427031993866
18,3,0,56,65,135.0,0.9872370958328247
18,3,0,56,66,168.0,0.9962189793586731
18,3,0,56,67,133.0,0.8656955361366272
18,3,0,57,64,141.0,0.8571129441261292
18,3,0,57,65,141.0,0.9987155199050903
18,3,0,57,66,163.0,0.9999210834503174
18,3,0,57,67,149.0,0.9997637867927551
18,3,0,57,68,155.0,0.9885640144348145
18,3,0,57,69,132.0,0.6700548529624939
18,3,0,58,65,158.0,0.966223418712616
18,3,0,58,66,143.0,0.9998165965080261
18,3,0,58,67,144.0,0.9999828338623047
18,3,0,58,68,154.0,0.999658465385437
18,3,0,58,69,150.0,0.9631099700927734
18,3,0,59,66,149.0,0.994855523109436
18,3,0,59,67,164.0,0.9999262094497681
18,3,0,59,68,146.0,0.9998557567596436
18,3,0,59,69,153.0,0.9924054741859436
18,3,0,59,70,141.0,0.6515071392059326
18,3,0,60,66,152.0,0.6313731670379639
18,3,0,60,67,138.0,0.979584813117981
18,3,0,60,68,136.0,0.9905589818954468
18,3,0,60,69,149.0,0.9567733407020569
18,3,0,60,70,141.0,0.5684617161750793
18,3,0,61,69,135.0,0.6397095918655396
18,3,0,62,69,148.0,0.5567920804023743
18,3,1,56,65,140.0,0.9288269877433777
18,3,1,56,66,148.0,0.985278844833374
18,3,1,56,67,152.0,0.7980404496192932
18,3,1,57,65,148.0,0.9849173426628113
18,3,1,57,66,146.0,0.9994333386421204
18,3,1,57,67,140.0,0.9988470077514648
18,3,1,57,68,133.0,0.9294581413269043
18,3,1,58,65,134.0,0.5398755073547363
18,3,1,58,66,139.0,0.9981459379196167
18,3,1,58,67,145.0,0.9998977184295654
18,3,1,58,68,139.0,0.9986512064933777
18,3,1,58,69,135.0,0.8921340703964233
18,3,1,59,66,144.0,0.9456105828285217
18,3,1,59,67,144.0,0.9994958639144897
18,3,1,59,68,160.0,0.9990044236183167
18,3,1,59,69,140.0,0.964490532875061
18,3,1,60,67,146.0,0.8670837879180908
18,3,1,60,68,130.0,0.963706374168396
18,3,1,60,69,141.0,0.8504308462142944
19,3,0,55,69,147.0,0.9187806844711304
19,3,0,55,70,144.0,0.962329626083374
19,3,0,56,67,122.0,0.6682783365249634
19,3,0,56,68,135.0,0.9716094732284546
19,3,0,56,69,144.0,0.9995525479316711
19,3,0,56,70,147.0,0.9999517202377319
19,3,0,56,71,152.0,0.9994040727615356
19,3,0,56,72,150.0,0.8968343138694763
19,3,0,57,67,143.0,0.9053004384040833
19,3,0,57,68,158.0,0.9985465407371521
19,3,0,57,69,141.0,0.9999734163284302
19,3,0,57,70,150.0,0.9999977350234985
19,3,0,57,71,157.0,0.99998939037323
19,3,0,57,72,143.0,0.9996682405471802
19,3,0,57,73,151.0,0.8296036720275879
19,3,0,58,68,142.0,0.9694628715515137
19,3,0,58,69,151.0,0.999671220779419
19,3,0,58,70,159.0,0.9999909400939941
19,3,0,58,71,151.0,0.9999828338623047
19,3,0,58,72,145.0,0.9997426867485046
19,3,0,58,73,153.0,0.8629902005195618
19,3,0,59,69,135.0,0.9881379008293152
19,3,0,59,70,149.0,0.9998699426651001
19,3,0,59,71,140.0,0.999934196472168
19,3,0,59,72,131.0,0.9995343685150146
19,3,0,59,73,144.0,0.8685632348060608
19,3,0,60,70,146.0,0.9678225517272949
19,3,0,60,71,158.0,0.9976150989532471
19,3,0,60,72,139.0,0.9891235828399658
19,3,0,61,70,130.0,0.5502002835273743
19,3,0,61,71,164.0,0.9622941613197327
19,3,0,61,72,143.0,0.9734572172164917
19,3,0,62,70,148.0,0.515925407409668
19,3,0,62,71,137.0,0.7910628318786621
19,3,0,62,72,143.0,0.7759565114974976
19,3,1,55,68,140.0,0.833695650100708
19,3,1,55,69,139.0,0.9949510097503662
19,3,1,55,70,142.0,0.9969602227210999
19,3,1,55,71,135.0,0.9196184873580933
19,3,1,56,67,147.0,0.7654833793640137
19,3,1,56,68,155.0,0.9980968832969666
19,3,1,56,69,150.0,0.9999772310256958
19,3,1,56,70,143.0,0.9999958276748657
19,3,1,56,71,141.0,0.9998576641082764
19,3,1,56,72,152.0,0.6251291632652283
19,3,1,57,67,144.0,0.9146410226821899
19,3,1,57,68,132.0,0.9998447895050049
19,3,1,57,69,151.0,0.999998927116394
19,3,1,57,70,148.0,0.9999998807907104
19,3,1,57,71,149.0,0.9999958276748657
19,3,1,57,72,140.0,0.9966128468513489
19,3,1,58,68,139.0,0.9914270639419556
19,3,1,58,69,146.0,0.9999701976776123
19,3,1,58,70,145.0,0.9999992847442627
19,3,1,58,71,134.0,0.9999935626983643
19,3,1,58,72,144.0,0.9982829093933105
19,3,1,59,69,152.0,0.9981912970542908
19,3,1,59,70,156.0,0.9999821186065674
19,3,1,59,71,151.0,0.9999681711196899
19,3,1,59,72,142.0,0.9982989430427551
19,3,1,59,73,143.0,0.6451166272163391
19,3,1,60,70,147.0,0.9794365763664246
19,3,1,60,71,147.0,0.9947901964187622
19,3,1,60,72,143.0,0.9573901891708374
19,3,1,61,71,144.0,0.7792965769767761
19,3,1,61,72,156.0,0.7600792050361633
19,3,2,56,68,139.0,0.6066908836364746
19,3,2,56,69,134.0,0.9888113737106323
19,3,2,56,70,130.0,0.9870980381965637
19,3,2,56,71,137.0,0.5246487259864807
19,3,2,57,68,146.0,0.967600405216217
19,3,2,57,69,145.0,0.9992602467536926
19,3,2,57,70,153.0,0.9994291663169861
19,3,2,57,71,138.0,0.8876771926879883
19,3,2,58,69,145.0,0.9787678122520447
19,3,2,58,70,150.0,0.994835615158081
19,3,2,58,71,134.0,0.6921794414520264
19,3,2,59,70,140.0,0.7726103067398071
20,3,0,53,66,144.0,0.7187443971633911
20,3,0,53,67,138.0,0.979889452457428
20,3,0,53,68,139.0,0.8726341724395752
20,3,0,54,66,141.0,0.9805578589439392
20,3,0,54,67,143.0,0.9997870326042175
20,3,0,54,68,163.0,0.9996592998504639
20,3,0,54,69,135.0,0.87577223777771
20,3,0,55,66,155.0,0.9941629767417908
20,3,0,55,67,135.0,0.9999358654022217
20,3,0,55,68,140.0,0.9999545812606812
20,3,0,55,69,133.0,0.9888544082641602
20,3,0,56,67,155.0,0.977859616279602
20,3,0,56,68,149.0,0.9991644620895386
20,3,0,56,69,148.0,0.9965736865997314
20,3,0,56,70,133.0,0.9194755554199219
20,3,0,57,68,143.0,0.9351019859313965
20,3,0,57,69,145.0,0.9990409016609192
20,3,0,57,70,146.0,0.9994970560073853
20,3,0,57,71,156.0,0.9954288005828857
20,3,0,57,72,142.0,0.6240994334220886
20,3,0,58,68,135.0,0.7083014249801636
20,3,0,58,69,137.0,0.999586284160614
20,3,0,58,70,147.0,0.9999771118164062
20,3,0,58,71,154.0,0.999919056892395
20,3,0,58,72,145.0,0.9859039187431335
20,3,0,59,69,137.0,0.9978761672973633
20,3,0,59,70,145.0,0.999954104423523
20,3,0,59,71,143.0,0.9998840093612671
20,3,0,59,72,147.0,0.9942078590393066
20,3,0,60,69,151.0,0.693954586982727
20,3,0,60,70,133.0,0.9396904110908508
20,3,0,60,71,155.0,0.9627516269683838
20,3,0,60,72,152.0,0.8695205450057983
20,3,1,53,67,140.0,0.7480966448783875
20,3,1,54,66,131.0,0.5715259313583374
20,3,1,54,67,143.0,0.9959689378738403
20,3,1,54,68,155.0,0.9932292699813843
20,3,1,54,69,140.0,0.5870118141174316
20,3,1,55,66,141.0,0.7439555525779724
20,3,1,55,67,141.0,0.9988729357719421
20,3,1,55,68,148.0,0.9995891451835632
20,3,1,55,69,149.0,0.9834011197090149
20,3,1,56,67,145.0,0.9886254072189331
20,3,1,56,68,143.0,0.9996566772460938
20,3,1,56,69,136.0,0.9996376037597656
20,3,1,56,70,147.0,0.972772479057312
20,3,1,57,67,139.0,0.9352048635482788
20,3,1,57,68,151.0,0.9999104738235474
20,3,1,57,69,155.0,0.9999964237213135
20,3,1,57,70,149.0,0.9999769926071167
20,3,1,57,71,134.0,0.998245358467102
20,3,1,58,67,132.0,0.8685377836227417
20,3,1,58,68,152.0,0.9999818801879883
20,3,1,58,69,147.0,0.9999998807907104
20,3,1,58,70,163.0,0.9999990463256836
20,3,1,58,71,146.0,0.9999802112579346
20,3,1,58,72,143.0,0.9684804677963257
20,3,1,59,67,153.0,0.7278915643692017
20,3,1,59,68,154.0,0.9997841715812683
20,3,1,59,69,145.0,0.9999983310699463
20,3,1,59,70,151.0,0.9999979734420776
20,3,1,59,71,140.0,0.9999425411224365
20,3,1,59,72,134.0,0.9804341197013855
20,3,1,60,68,141.0,0.9181416034698486
20,3,1,60,69,139.0,0.989788830280304
20,3,1,60,70,154.0,0.967893123626709
20,3,1,60,71,134.0,0.915771484375
20,3,2,56,68,132.0,0.8727272152900696
20,3,2,56,69,143.0,0.9649088978767395
20,3,2,57,67,154.0,0.9581551551818848
20,3,2,57,68,142.0,0.999667763710022
20,3,2,57,69,142.0,0.9999223947525024
20,3,2,57,70,151.0,0.9794213771820068
20,3,2,58,67,147.0,0.9903978109359741
20,3,2,58,68,150.0,0.9999889135360718
20,3,2,58,69,143.0,0.9999960660934448
20,3,2,58,70,144.0,0.9941330552101135
20,3,2,58,71,136.0,0.6750078797340393
20,3,2,59,67,143.0,0.98403000831604
20,3,2,59,68,153.0,0.9999727010726929
20,3,2,59,69,144.0,0.9999765157699585
20,3,2,59,70,127.0,0.9789880514144897
20,3,2,59,71,127.0,0.6406776905059814
20,3,2,60,67,128.0,0.5353493094444275
20,3,2,60,68,135.0,0.9661617875099182
20,3,2,60,69,147.0,0.9260057210922241
20,3,3,57,68,137.0,0.5547205805778503
20,3,3,58,67,141.0,0.6300169825553894
20,3,3,58,68,147.0,0.9751899242401123
20,3,3,58,69,144.0,0.837344229221344
20,3,3,59,67,133.0,0.7188150882720947
20,3,3,59,68,142.0,0.9861353635787964
20,3,3,59,69,136.0,0.9124618768692017
20,3,3,60,68,144.0,0.6716502904891968
21,3,0,54,68,147.0,0.6462084054946899
21,3,0,56,70,145.0,0.6108201146125793
21,3,0,56,71,138.0,0.5272157788276672
21,3,0,57,70,152.0,0.8185404539108276
21,3,0,57,71,151.0,0.9826332926750183
21,3,0,57,72,139.0,0.9689292907714844
21,3,0,58,70,144.0,0.7297792434692383
21,3,0,58,71,144.0,0.9797202944755554
21,3,0,58,72,130.0,0.9897087216377258
21,3,0,59,71,130.0,0.7473981976509094
21,3,0,59,72,133.0,0.8755216002464294
21,3,1,56,68,145.0,0.6057931184768677
21,3,1,56,69,142.0,0.6382255554199219
21,3,1,57,69,134.0,0.6843336224555969
21,3,1,57,70,136.0,0.7481831312179565
21,3,1,57,71,152.0,0.9196606278419495
21,3,1,57,72,139.0,0.8910643458366394
21,3,1,58,70,136.0,0.6436717510223389
21,3,1,58,71,147.0,0.9328533411026001
21,3,1,58,72,142.0,0.9191449880599976
21,3,2,56,68,143.0,0.6233539581298828
22,3,0,51,68,144.0,0.6150413751602173
22,3,0,52,67,145.0,0.666152834892273
22,3,0,52,68,133.0,0.9601693749427795
22,3,0,52,69,143.0,0.8880963921546936
22,3,0,53,68,137.0,0.9874605536460876
22,3,0,53,69,153.0,0.976049542427063
22,3,0,53,70,146.0,0.7735967636108398
22,3,0,54,70,139.0,0.8158698081970215
22,3,0,55,71,149.0,0.6438431143760681
22,3,1,52,67,146.0,0.6054704785346985
22,3,1,52,68,143.0,0.8894023299217224
22,3,1,52,69,140.0,0.5818604230880737
22,3,1,53,68,140.0,0.9608256816864014
22,3,1,53,69,150.0,0.9302514791488647
22,3,1,54,69,157.0,0.6106328964233398
22,3,1,54,70,146.0,0.8718920946121216
22,3,1,55,71,141.0,0.5243193507194519
23,3,0,51,69,136.0,0.762851893901825
23,3,0,52,69,133.0,0.9446268081665039
23,3,0,52,70,137.0,0.9705702066421509
23,3,0,52,71,145.0,0.6143733263015747
23,3,0,53,69,138.0,0.9170435070991516
23,3,0,53,70,131.0,0.9975148439407349
23,3,0,53,71,146.0,0.9991148114204407
23,3,0,53,72,148.0,0.9639487862586975
23,3,0,54,70,146.0,0.9531041383743286
23,3,0,54,71,138.0,0.9991015195846558
23,3,0,54,72,154.0,0.9999059438705444
23,3,0,54,73,142.0,0.9994838237762451
23,3,0,54,74,148.0,0.9802670478820801
23,3,0,55,70,136.0,0.5182439088821411
23,3,0,55,71,156.0,0.9919026494026184
23,3,0,55,72,149.0,0.9999661445617676
23,3,0,55,73,148.0,0.9999905824661255
23,3,0,55,74,155.0,0.9996542930603027
23,3,0,55,75,142.0,0.6464146375656128
23,3,0,56,72,155.0,0.9972357153892517
23,3,0,56,73,155.0,0.9998480081558228
23,3,0,56,74,141.0,0.9952346682548523
23,3,0,57,73,148.0,0.7926533818244934
23,3,1,51,69,142.0,0.6767956614494324
23,3,1,52,69,137.0,0.8370909094810486
23,3,1,52,70,142.0,0.8422444462776184
23,3,1,53,69,149.0,0.8947423696517944
23,3,1,53,70,151.0,0.9961082339286804
23,3,1,53,71,139.0,0.9978575110435486
23,3,1,53,72,148.0,0.9517212510108948
23,3,1,53,73,127.0,0.557044267654419
23,3,1,54,70,142.0,0.954658567905426
23,3,1,54,71,141.0,0.9982569813728333
23,3,1,54,72,146.0,0.9997662901878357
23,3,1,54,73,158.0,0.9996016621589661
23,3,1,54,74,158.0,0.9845957159996033
23,3,1,55,70,137.0,0.596957266330719
23,3,1,55,71,141.0,0.9917854070663452
23,3,1,55,72,142.0,0.9998974800109863
23,3,1,55,73,136.0,0.9999732971191406
23,3,1,55,74,144.0,0.9991365075111389
23,3,1,56,72,130.0,0.9807170033454895
23,3,1,56,73,151.0,0.9980801343917847
23,3,1,56,74,139.0,0.9510951638221741
24,3,0,55,70,152.0,0.9315118789672852
24,3,0,55,71,140.0,0.9498093724250793
24,3,0,56,69,143.0,0.9703999757766724
24,3,0,56,70,150.0,0.9999032020568848
24,3,0,56,71,151.0,0.9999085664749146
24,3,0,56,72,149.0,0.9774101376533508
24,3,0,57,69,140.0,0.9504917860031128
24,3,0,57,70,139.0,0.9998492002487183
24,3,0,57,71,146.0,0.9997058510780334
24,3,0,57,72,143.0,0.9567875266075134
24,3,0,58,70,151.0,0.941547691822052
24,3,0,58,71,143.0,0.8995885252952576
24,3,1,55,69,139.0,0.6541357040405273
24,3,1,55,70,146.0,0.969761312007904
24,3,1,55,71,136.0,0.9069066643714905
24,3,1,56,69,143.0,0.9975444674491882
24,3,1,56,70,143.0,0.9999788999557495
24,3,1,56,71,141.0,0.9998939037322998
24,3,1,56,72,139.0,0.847769558429718
24,3,1,57,69,150.0,0.9811353087425232
24,3,1,57,70,150.0,0.9999014139175415
24,3,1,57,71,149.0,0.9996753931045532
24,3,1,57,72,140.0,0.8817392587661743
24,3,1,58,70,145.0,0.9721676111221313
24,3,1,58,71,126.0,0.9131636619567871
24,3,2,56,69,147.0,0.5139533877372742
24,3,2,56,70,137.0,0.8894449472427368
24,3,2,56,71,138.0,0.5880546569824219
24,3,2,57,70,138.0,0.7253414988517761
25,3,0,57,68,145.0,0.7959291934967041
25,3,0,57,69,140.0,0.6559564471244812
25,3,0,58,68,149.0,0.9097596406936646
25,3,0,58,69,152.0,0.9458492994308472
25,3,0,58,70,147.0,0.8442520499229431
25,3,0,59,68,165.0,0.910244345664978
25,3,0,59,69,143.0,0.9457470774650574
25,3,0,59,70,145.0,0.8917628526687622
25,3,1,57,68,145.0,0.9014440178871155
25,3,1,57,69,155.0,0.7588875889778137
25,3,1,58,68,155.0,0.8781172037124634
25,3,1,58,69,154.0,0.9486119747161865
25,3,1,58,70,134.0,0.7350218296051025
25,3,1,59,68,147.0,0.8498942852020264
25,3,1,59,69,137.0,0.9704161286354065
25,3,1,59,70,136.0,0.9000221490859985
26,3,0,55,65,134.0,0.8655007481575012
26,3,0,55,66,131.0,0.9848708510398865
26,3,0,55,67,145.0,0.9121431112289429
26,3,0,56,65,148.0,0.9301849603652954
26,3,0,56,66,147.0,0.9964176416397095
26,3,0,56,67,135.0,0.9894577264785767
26,3,0,56,68,140.0,0.8248602151870728
26,3,0,56,69,128.0,0.805961012840271
26,3,0,57,65,137.0,0.829292356967926
26,3,0,57,66,137.0,0.9927905797958374
26,3,0,57,67,137.0,0.9742133021354675
26,3,0,57,68,149.0,0.8971953392028809
26,3,0,57,69,145.0,0.8992733359336853
26,3,0,57,70,139.0,0.9070226550102234
26,3,0,58,68,135.0,0.6018529534339905
26,3,0,58,69,142.0,0.8847376108169556
26,3,0,58,70,140.0,0.9491867423057556
26,3,0,58,71,136.0,0.6317685842514038
26,3,0,59,69,141.0,0.697738528251648
26,3,0,59,70,136.0,0.9331687092781067
26,3,0,59,71,150.0,0.7911444902420044
26,3,0,60,70,136.0,0.86136394739151
26,3,1,55,65,130.0,0.9229562282562256
26,3,1,55,66,162.0,0.9772104620933533
26,3,1,55,67,134.0,0.8694638609886169
26,3,1,56,65,145.0,0.9562011361122131
26,3,1,56,66,140.0,0.9967001080513
26,3,1,56,67,135.0,0.9947616457939148
26,3,1,56,68,146.0,0.7427197694778442
26,3,1,56,69,142.0,0.6624459028244019
26,3,1,57,65,131.0,0.9132927656173706
26,3,1,57,66,140.0,0.9975601434707642
26,3,1,57,67,142.0,0.9948965907096863
26,3,1,57,68,127.0,0.8627194762229919
26,3,1,57,69,134.0,0.7673962712287903
26,3,1,57,70,152.0,0.6348462700843811
26,3,1,58,67,137.0,0.5232540369033813
26,3,1,58,68,136.0,0.5580918788909912
26,3,1,58,69,143.0,0.8966922760009766
26,3,1,58,70,142.0,0.8890073299407959
26,3,1,59,69,129.0,0.5931143760681152
26,3,1,59,70,119.0,0.7051681280136108
27,3,0,56,64,137.0,0.6873435974121094
27,3,0,56,65,141.0,0.8204114437103271
27,3,0,56,66,135.0,0.7184890508651733
27,3,0,57,64,144.0,0.9457556009292603
27,3,0,57,65,136.0,0.9959573149681091
27,3,0,57,66,145.0,0.9992347955703735
27,3,0,57,67,129.0,0.9983803033828735
27,3,0,57,68,138.0,0.9692802429199219
27,3,0,57,69,146.0,0.6826756596565247
27,3,0,58,65,143.0,0.9586705565452576
27,3,0,58,66,149.0,0.9990841150283813
27,3,0,58,67,141.0,0.9993701577186584
27,3,0,58,68,142.0,0.9993149042129517
27,3,0,58,69,140.0,0.9977350234985352
27,3,0,58,70,128.0,0.9708131551742554
27,3,0,59,66,126.0,0.9435815811157227
27,3,0,59,67,129.0,0.9896162748336792
27,3,0,59,68,129.0,0.9988617897033691
27,3,0,59,69,137.0,0.9990129470825195
27,3,0,59,70,144.0,0.9907321333885193
27,3,0,60,68,149.0,0.7998231649398804
27,3,0,60,69,140.0,0.8743292689323425
27,3,0,60,70,141.0,0.7321321964263916
27,3,1,57,64,137.0,0.5691158175468445
27,3,1,57,65,134.0,0.9680154323577881
27,3,1,57,66,124.0,0.9919500350952148
27,3,1,57,67,148.0,0.9756122827529907
27,3,1,57,68,123.0,0.742950439453125
27,3,1,58,65,136.0,0.6042530536651611
27,3,1,58,66,132.0,0.9954038858413696
27,3,1,58,67,145.0,0.9982699155807495
27,3,1,58,68,138.0,0.9977128505706787
27,3,1,58,69,134.0,0.9849387407302856
27,3,1,58,70,141.0,0.8451911211013794
27,3,1,59,66,133.0,0.6748173832893372
27,3,1,59,67,132.0,0.9836025238037109
27,3,1,59,68,139.0,0.9982901215553284
27,3,1,59,69,153.0,0.9980067610740662
27,3,1,59,70,138.0,0.9686129093170166
27,3,1,60,68,146.0,0.7421520948410034
27,3,1,60,69,129.0,0.8546703457832336
27,3,1,60,70,117.0,0.6267601251602173
28,3,0,56,63,142.0,0.5470300912857056
28,3,0,58,65,141.0,0.5155435800552368
28,3,0,59,65,148.0,0.9186261892318726
28,3,0,59,66,147.0,0.9834831953048706
28,3,0,59,67,139.0,0.6625409722328186
28,3,0,60,65,138.0,0.9234091639518738
28,3,0,60,66,148.0,0.9995124340057373
28,3,0,60,67,137.0,0.9984394907951355
28,3,0,60,68,142.0,0.9575223326683044
28,3,0,61,65,145.0,0.7437889575958252
28,3,0,61,66,141.0,0.9988207221031189
28,3,0,61,67,146.0,0.9992790818214417
28,3,0,61,68,157.0,0.9951894283294678
28,3,0,61,69,149.0,0.6672232151031494
28,3,0,62,66,144.0,0.9063727855682373
28,3,0,62,67,156.0,0.975774884223938
28,3,0,62,68,137.0,0.9627507328987122
28,3,1,59,65,143.0,0.9423580765724182
28,3,1,59,66,132.0,0.9750432372093201
28,3,1,59,67,127.0,0.5262662768363953
28,3,1,60,65,134.0,0.9583548307418823
28,3,1,60,66,140.0,0.9998268485069275
28,3,1,60,67,146.0,0.9991652965545654
28,3,1,60,68,131.0,0.8096972107887268
28,3,1,61,65,143.0,0.8844450116157532
28,3,1,61,66,132.0,0.9982459545135498
28,3,1,61,67,133.0,0.9970591068267822
28,3,1,61,68,125.0,0.958608090877533
28,3,1,62,66,124.0,0.859032928943634
28,3,1,62,67,137.0,0.9044336676597595
28,3,1,62,68,141.0,0.6204631924629211
28,3,2,60,65,136.0,0.7099162936210632
28,3,2,60,66,134.0,0.9810896515846252
28,3,2,61,65,154.0,0.6301078200340271
28,3,2,61,66,142.0,0.8923611640930176
29,3,0,56,63,129.0,0.6362568140029907
29,3,0,56,64,137.0,0.8996282815933228
29,3,0,56,65,136.0,0.7565538883209229
29,3,0,57,63,143.0,0.9135650396347046
29,3,0,57,64,143.0,0.9944368600845337
29,3,0,57,65,140.0,0.9834415316581726
29,3,0,58,63,149.0,0.9479396343231201
29,3,0,58,64,128.0,0.997734785079956
29,3,0,58,65,142.0,0.9889748096466064
29,3,0,58,66,138.0,0.6765506863594055
29,3,0,59,64,137.0,0.9268425107002258
29,3,0,59,65,144.0,0.8004286289215088
29,3,0,59,66,141.0,0.5366849303245544
29,3,0,60,67,141.0,0.8526831269264221
29,3,0,60,68,137.0,0.8729297518730164
29,3,0,61,67,147.0,0.8788458108901978
29,3,0,61,68,132.0,0.9239340424537659
29,3,0,62,67,145.0,0.6839325428009033
29,3,0,62,68,135.0,0.5980886816978455
29,3,1,57,63,134.0,0.7813904881477356
29,3,1,57,64,127.0,0.9618925452232361
29,3,1,57,65,129.0,0.9403328895568848
29,3,1,58,63,141.0,0.9697213172912598
29,3,1,58,64,133.0,0.9863584637641907
29,3,1,58,65,142.0,0.9317115545272827
29,3,1,58,66,125.0,0.7102500200271606
29,3,1,59,63,133.0,0.8451889157295227
29,3,1,59,64,146.0,0.9406667351722717
29,3,1,59,65,133.0,0.8420495390892029
29,3,1,59,66,124.0,0.8249553442001343
29,3,1,59,67,134.0,0.6879782676696777
29,3,1,60,66,132.0,0.7258708477020264
29,3,1,60,67,147.0,0.8840894103050232
29,3,1,60,68,140.0,0.8309465050697327
29,3,2,58,63,137.0,0.8823877573013306
29,3,2,58,64,136.0,0.5359240770339966
29,3,2,59,63,140.0,0.7406015396118164
33,3,0,54,69,141.0,0.5810787081718445
33,3,0,54,70,144.0,0.9046953916549683
33,3,0,54,71,142.0,0.7576665282249451
33,3,0,55,69,128.0,0.5779455304145813
33,3,0,55,70,140.0,0.9866631627082825
33,3,0,55,71,135.0,0.9812729358673096
33,3,0,55,72,132.0,0.7105081081390381
33,3,0,56,70,135.0,0.9897435307502747
33,3,0,56,71,136.0,0.9970209002494812
33,3,0,56,72,134.0,0.9656422734260559
33,3,0,57,70,128.0,0.6623174548149109
33,3,0,57,71,144.0,0.9604851007461548
33,3,0,57,72,139.0,0.9654344916343689
33,3,0,58,72,146.0,0.5488110780715942
33,3,1,54,70,138.0,0.5038735270500183
33,3,1,55,70,129.0,0.6693568825721741
33,3,1,55,71,135.0,0.6563060879707336
33,3,1,56,71,139.0,0.7376644015312195
34,3,0,54,69,146.0,0.5241897106170654
34,3,0,54,70,140.0,0.6701275706291199
34,3,0,55,69,151.0,0.5193119645118713
34,3,0,55,70,139.0,0.8682066798210144
34,3,0,55,71,131.0,0.8886798620223999
34,3,0,55,72,141.0,0.7480154037475586
34,3,0,56,71,136.0,0.6896842122077942
34,3,0,56,72,132.0,0.7796765565872192
34,3,1,55,71,134.0,0.5259935855865479
