video,filament_id,observations,max_consecutive_frames,first_frame,last_frame,lifetime_min,min_length_um,mean_length_um,max_length_um,length_std_um,length_range_um,mean_span_length_um,mean_arc_length_um,max_xy_slice_length_um,mean_linearity_r2,min_linearity_r2,mean_rod_fit_rmse_um,mean_rod_fit_diameter_um,mean_rod_fit_cv,start_dominant_plane,end_dominant_plane,plane_switch_count,start_angle_to_xy_deg,end_angle_to_xy_deg,start_angle_to_xz_deg,end_angle_to_xz_deg,rotation_angle_deg,total_rotation_deg,xy_to_xz_transition_score,length_change_rate_um_per_min,arc_trajectory_um,net_displacement_um,directionality,mean_speed_um_per_min,max_speed_um_per_min,speed_std_um_per_min,mean_z_plane_count,max_z_plane_count,z_spread_um,z_center_um,mean_intensity,sum_intensity,max_intensity,start_x_um,start_y_um,start_z_um,end_x_um,end_y_um,end_z_um
ch20_URA7_URA8_001_hyperstack_crop_01,5,18,13,6,35,435.0,0.6535373831014666,1.2169117741621642,1.9034934577748177,0.33782031900228654,1.2499560746733511,1.2812551111799642,2.231162902128637,4.590264896472981,0.584074582052333,0.43329665172916015,0.3026842674621359,0.6053685349242718,0.2504787037761591,xy,xy,4,0.0,4.673315195968582,18.434948822922014,29.947641597976453,48.66111074913607,485.321460873703,-29.947641597976453,0.0008632376922327463,40.16093223831547,0.742005005759013,0.06601003109291001,0.03962312019212295,0.0739706401135361,0.018052041637814504,2.7222222222222223,4,0.8999999999999999,0.19873265154205735,135.8115988837348,72508.0,165.0,22.44,24.119999999999997,0.0,21.842857142857138,23.714285714285715,0.17142857142857137
ch20_URA7_URA8_001_hyperstack_crop_02,1,43,27,3,49,690.0,0.8013876853447556,3.4036509676363607,6.647334924290843,1.423224424596217,5.845947238946088,3.772752368454335,7.758556914584619,18.154146838027792,0.683739481967566,0.4693406826909292,0.6531505254203792,1.3063010508407584,0.19940544735563046,xy,xy,16,0.0,0.8393923146164519,45.00000000000001,29.6945126505427,15.324436662888221,1168.4460105218677,-29.6945126505427,0.007164298652989677,333.6179473271386,4.102550443186394,0.10751587882069538,0.05770632955771457,0.36185484357375924,0.059629305606403615,4.0,5,1.2,0.3121028897670326,171.7457495401072,958561.0,230.0,20.699999999999996,16.5,0.0,16.924999999999997,14.916666666666666,0.2708333333333333
ch20_URA7_URA8_001_hyperstack_crop_03,3,5,5,45,49,60.0,1.135514094649488,2.599509779967253,3.5857086915705016,0.8809023952391472,2.4501945969210137,2.8331144174005196,5.796640471638404,9.387010341560368,0.7635096795924843,0.580424690356181,0.39119599062290095,0.7823919812458019,0.1662165106721521,xy,xy,0,3.2191452382634256,4.286666758045167,8.535254826540505,13.907477274741456,22.472297480006457,41.679081896771855,-10.68833203647803,-0.04083657661535023,28.98320235819202,2.956372030259618,0.8443558351004252,0.05835557133934327,0.10612286385270761,0.030564959125442784,3.4,4,0.8999999999999999,0.24711016215383935,154.16278991699218,55977.0,188.0,14.547945205479452,15.735616438356162,0.2013698630136986,16.049999999999997,13.189285714285713,0.21428571428571422
ch20_URA7_URA8_001_hyperstack_crop_03,5,15,5,5,49,660.0,0.9687474603550904,2.682410952675005,4.448385439620648,0.9642621077203136,3.479637979265558,2.8928703313322774,5.444096517924221,12.570506705206306,0.7579421814885909,0.4709533947935451,0.3852654170261047,0.7705308340522093,0.15991954118158144,xy,xy,4,0.7476548558907102,13.485265954086543,12.552586260616941,50.27429440846316,41.325204823392035,424.43170047013274,-49.526639552572455,0.003284283246769912,81.66144776886331,1.7814712171524212,0.09699941804982153,0.050267103559890614,0.12203548418995804,0.030696961442154773,3.533333333333333,5,1.2,0.2976825899161367,152.40951538085938,169096.0,194.0,23.27,15.659999999999998,0.10999999999999997,24.380124223602483,14.312422360248446,0.4639751552795031
ch20_URA7_URA8_001_hyperstack_crop_04,8,19,15,2,32,450.0,0.716367850040393,1.4814086526780472,2.485822337038137,0.6256148987868344,1.769454486997744,1.5785070996139454,2.6192050322195763,9.845459608297242,0.6456321485793207,0.4247958976919742,0.305878767610176,0.611757535220352,0.22623461560121344,xy,xy,11,3.5307064381846867,0.0,44.891351973264754,53.13010235415571,81.88543319862475,727.0605883769016,-49.59939591597102,-0.00023930266155266721,49.76489561217195,0.8484322472104122,0.04876175387331205,0.053508687605264546,0.11756330480438112,0.03362925289256921,3.1578947368421053,5,1.2,0.4600080269934272,141.00295297723068,94666.0,173.0,19.661538461538463,25.338461538461537,0.023076923076923075,18.95,25.799999999999997,0.0
ch20_URA7_URA8_001_hyperstack_crop_05,1,13,13,37,49,180.0,1.2866407771984987,2.4495970648502925,3.704544880528334,0.7825837446017339,2.4179041033298354,2.644835692672022,5.371027063917048,11.671632404005427,0.740716684819952,0.5424512346194945,0.3893601443469479,0.7787202886938958,0.17237003730078798,xy,xy,2,1.4277328564813225,10.249465094224053,80.33647416866803,66.09164452115385,32.30548187751248,329.81169570226524,-64.66391166467253,-0.003344655934197026,69.82335183092162,1.9349780735823527,0.24838435178674043,0.04327920865078622,0.09790744714418734,0.022178194157762704,3.5384615384615383,5,1.2,0.25660508668798365,136.6317842923678,123871.0,164.0,19.91739130434783,21.56086956521739,0.10434782608695652,19.944230769230767,19.626923076923074,0.16153846153846152
ch20_URA7_URA8_001_hyperstack_crop_08,1,9,9,41,49,120.0,0.8615270372883467,2.5777374322918014,3.9220360800827985,1.074812605277724,3.0605090427944517,2.7867143462824533,4.5492220551987455,14.792106942457803,0.7801535141093345,0.531522810618167,0.3801104157661918,0.7602208315323836,0.16401501102005434,xy,xy,4,8.876395080973328,3.5048270959183263,50.490287713805955,23.597924692840667,75.75569305492873,391.2516773016815,-14.72152961186734,0.016358321976077925,40.94299849678871,1.6193925843811607,0.21068848448670946,0.06405161742016147,0.1440052082391469,0.044642100254086485,2.6666666666666665,4,0.8999999999999999,0.17725823003773314,153.24387783474393,56292.0,180.0,17.82,15.36,0.12,18.05546218487395,16.9563025210084,0.2571428571428572
ch20_URA7_URA8_001_hyperstack_crop_09,1,16,13,31,49,270.0,0.6666666666666643,2.9517161568547636,3.775491072110677,0.8378736363092486,3.108824405444013,3.395845964780145,5.5525619067489345,9.541894654495044,0.7749010509582123,0.692900733532023,0.44208548955711735,0.8841709791142347,0.15604874947217168,xz,xy,1,0.0,7.994019780289078,0.0,50.57868450714305,51.712878991879975,124.39389414295799,-50.57868450714305,0.008179270933908779,88.84099050798295,1.028571512962458,0.1033405470914489,0.038205954798496304,0.07829806302348968,0.021384914171161146,4.0625,5,1.2,0.3561177121907279,168.09235763549805,345199.0,246.0,19.799999999999997,18.45,0.0,19.090434782608693,19.106086956521736,0.3521739130434782
ch20_URA7_URA8_001_hyperstack_crop_09,4,3,3,46,48,30.0,0.6666666666666682,1.1158030491001096,1.9754611688649462,0.6080744663072661,1.3087945021982779,1.0741961206328536,1.4787192294387987,2.4111957563972317,0.7792447547251476,0.7272727272727283,0.1929359335191413,0.3858718670382826,0.1924566965678448,xy,xy,2,16.724358585215686,6.82332872864031,24.49445921922325,63.533050870982464,88.05883122029331,94.87124122214294,-46.80869228576678,0.0423393285698744,4.4361576883163965,0.49203658400570754,0.7410928444742888,0.022131126469709068,0.03826225293941825,0.01613112646970918,2.0,2,0.3,0.15,161.78888956705728,3361.0,192.0,19.44,21.659999999999997,0.12,19.109999999999996,22.02,0.18
ch20_URA7_URA8_001_hyperstack_crop_10,2,21,11,26,49,345.0,0.7502677399925354,2.333219615176062,3.6099363703235374,0.8425524002120155,2.859668630331002,2.896140962008602,5.160680757559822,14.320327902703028,0.660300648227245,0.5064782166573423,0.4593602237351958,0.9187204474703916,0.21318634844177092,xy,yz,6,5.3405557992196275,35.58542508052225,18.252154936601773,36.898789159480195,49.28386865313687,454.03242876363555,-31.558233360260566,0.0005411312466940853,108.37429590875627,0.523073806482763,0.021061512741429547,0.0720064469075942,0.2968281130509791,0.05825304279296495,4.142857142857143,5,1.2,0.3880119523603786,174.43786403111048,387598.0,280.0,15.10869565217391,19.356521739130432,0.41304347826086946,15.19342105263158,18.840789473684207,0.4342105263157895
ch20_URA7_URA8_001_hyperstack_crop_12,2,5,5,30,34,60.0,1.245463640850813,2.6593385629831032,3.8237387051286533,0.9104089399420369,2.5782750642778405,3.2669953085117953,8.889100867352514,13.19947152131017,0.6752824310122478,0.5797826408363096,0.5188128209802255,1.037625641960451,0.21133669825759874,xy,xy,0,1.9030938028168187,3.778870959330482,41.339549065616126,8.286036263777614,33.5298984447497,59.15053798431168,-6.382942460960796,0.029473099082934322,44.445504336762575,2.3238052839539733,0.7153095282197114,0.054144515818616894,0.07366884722902597,0.01831448291524935,4.2,5,1.2,0.4239318535694682,150.71104736328124,103522.0,190.0,18.18333333333333,15.70833333333333,0.22499999999999995,19.907999999999998,14.192571428571434,0.582857142857143
ch20_URA7_URA8_001_hyperstack_crop_13,1,35,35,8,42,510.0,0.6535373831014631,2.622367472417579,5.797854775349134,1.0354925772036891,5.144317392247671,2.9250370669155257,5.662452542599189,19.383223770490204,0.6660982107362574,0.45305535253421514,0.4790283398465523,0.9580566796931046,0.20223908271364763,xz,xy,12,7.982990574960929,0.0,3.4189117282017656,18.43494882292228,23.230370338742343,1135.839891673937,-10.45195824796135,-0.0027610224083119968,198.1858389909716,4.276047066204568,0.12183216122801464,0.06881931607922484,0.2041615658499076,0.042188350319328584,4.3428571428571425,5,1.2,0.3785545353066652,178.71269095284597,727865.0,321.0,19.069090909090907,11.269090909090908,0.22363636363636358,18.36,15.479999999999999,0.0
ch20_URA7_URA8_001_hyperstack_crop_15,2,17,17,31,47,240.0,1.1537159825251737,3.0809168331481205,5.050844652506575,0.7885073500552605,3.897128669981401,3.4953332178754364,5.590125683169238,11.452402497715898,0.7529696692467752,0.6261526913982145,0.48109556414964794,0.9621911282992959,0.16222019860303621,xy,xy,2,3.4293876523595044,9.95627250627592,5.32027187308401,43.86815426409695,51.609064115434194,176.81914364645266,-40.43876661173745,0.007035682159070274,95.03213661387704,1.9187225870576217,0.16163488094500525,0.04946133779622444,0.09797820100040024,0.027541722514705845,4.764705882352941,5,1.2,0.45203098173529394,159.03995199764475,423120.0,213.0,17.635714285714286,18.27857142857143,0.02142857142857143,17.42844827586207,20.14137931034483,0.431896551724138
ch20_URA7_URA8_001_hyperstack_crop_16,2,21,4,8,49,615.0,0.6535373831014648,1.5139662364341189,2.655257922465198,0.5277342292930024,2.0017205393637334,1.6231764167907388,2.699383497244596,7.0238131257955585,0.6063021597352416,0.4491956233885326,0.3417126569779454,0.6834253139558908,0.23632280459260488,yz,xy,10,26.072461020072268,22.347936316003935,59.462398234436634,38.84159481336577,57.72512294001444,838.8498836223976,-12.769133793293499,0.0019611820264908786,56.68705344213651,2.451422714452107,0.15690136912669936,0.03057444931654918,0.06898336375756572,0.017541803707184386,3.857142857142857,5,1.2,0.5123871382851432,152.58683558872767,133632.0,182.0,12.326086956521738,7.943478260869566,0.4565217391304347,12.038888888888888,10.377777777777778,0.4222222222222221
ch20_URA7_URA8_001_hyperstack_crop_16,3,39,31,3,47,660.0,0.6572791621058687,1.7384664455651175,4.867970083335769,0.6816056568288712,4.210690921229901,2.0190500263211604,3.0537065093379843,10.67115747022182,0.5756578338398619,0.41275367007168023,0.413189215534988,0.826378431069976,0.25090617772995005,xy,xy,23,12.15715384190988,4.687578014397654,38.86536976389947,63.821864252575736,25.134602308587787,1010.5243911965591,-51.664710410665855,3.3735833578659015e-05,119.09455386418138,1.1545376316331744,0.018601754871720177,0.0993414385405298,0.38697982743767123,0.08789264725625472,4.051282051282051,5,1.2,0.3927223207742826,172.3111036251753,482831.0,289.0,17.280000000000005,17.48,0.2699999999999999,17.297142857142852,18.625714285714285,0.12857142857142856
ch20_URA7_URA8_001_hyperstack_crop_17,2,24,10,4,48,660.0,0.6348266514984827,1.3292564327227478,3.331156135227473,0.7126374034418173,2.69632948372899,1.5973922618312135,2.6615356132851775,6.549704318384009,0.614916558635875,0.3898050974512736,0.30224271812787423,0.6044854362557485,0.2573877181881173,xy,xy,10,0.49588047577383737,21.301325739022758,67.3903285232872,38.88141172592159,71.458583983362,1204.6428060138642,-38.38553125014775,-0.0004092296187867495,63.87685471884426,0.8275239684549004,0.03108092515693922,0.05931824258280198,0.15137693784319228,0.041412372476140755,3.0833333333333335,5,1.2,0.3590522839232795,142.928804397583,99391.0,185.0,19.392857142857142,16.842857142857145,0.04285714285714286,20.2,16.75,0.19999999999999998
ch20_URA7_URA8_001_hyperstack_crop_17,4,8,5,5,13,120.0,1.0099994601943105,1.4372135295572315,2.365337948495463,0.4050859871365643,1.3553384883011523,1.5458675743846242,2.5278848557482916,5.710633904102198,0.5480444347920297,0.45013058593973326,0.359888826607357,0.719777653214714,0.26207802857181717,xy,xy,0,1.164906610319784,3.6489551956506716,29.152617062371686,20.37465700969259,49.58873426699418,271.13216264617057,-19.20975039937281,-0.009947640997242423,20.223078845986333,1.891461491948077,0.31922166180498446,0.05213624134417041,0.10077336784072649,0.028734407672464664,3.375,4,0.8999999999999999,0.23536431054935722,145.98746871948242,50430.0,181.0,19.65254237288136,23.272881355932203,0.14237288135593218,18.155172413793103,22.117241379310343,0.14482758620689654
ch20_URA7_URA8_001_hyperstack_crop_17,5,9,4,14,32,270.0,0.9428090415820645,1.4663867133875137,2.19996205257001,0.35568892784200595,1.2571530109879454,1.543760994182175,2.4555204569823386,5.2347583558078545,0.620266267212076,0.4717314914228125,0.33682430603632724,0.6736486120726545,0.2318339543337807,xy,xy,2,4.10458283176609,0.0,16.923628162726782,44.999999999999936,28.30632408565234,473.7489228834467,-40.89541716823385,-0.0010189443243266835,22.099684112841047,0.602222313137132,0.07872796992953042,0.04247837252714294,0.07440770973685856,0.024856133087439444,2.5555555555555554,3,0.6,0.17044540887142076,139.2917734781901,49335.0,167.0,19.15813953488372,22.674418604651162,0.21627906976744182,18.7,23.0,0.0
ch20_URA7_URA8_001_hyperstack_crop_19,2,43,35,4,49,675.0,0.6666666666666643,2.8531745741570926,5.623693379029026,1.301656769030475,4.957026712362362,3.175206340432981,5.880497147936457,15.612251833655248,0.7373469117024876,0.54666802589027,0.44092663725126396,0.8818532745025279,0.17050921610607161,xy,xz,5,2.6125082668338897,0.0,46.10111420997862,0.0,46.22025173538806,926.9084863343755,2.6125082668338897,-0.00497474385642849,252.86137736126764,3.600585330901869,0.1163545778661897,0.04616537157667685,0.11015255431306455,0.02615797749803633,3.744186046511628,5,1.2,0.30759276593675716,160.55822115166242,813913.0,269.0,23.07254901960784,14.729411764705882,0.2901960784313726,21.299999999999997,17.849999999999998,0.0
ch20_URA7_URA8_001_hyperstack_crop_20,4,30,11,5,49,660.0,0.6558973016081867,2.132652496935879,4.030968469661129,0.9366988988245752,3.3750711680529424,2.271674044052426,4.829795425923271,12.523681315474448,0.7094552021684435,0.4852481532803713,0.3559029882987993,0.7118059765975986,0.19303573646759237,xy,xy,6,0.21461151421684377,10.113383914013065,81.3691150620945,14.295314931062657,84.23225030552786,893.8677527291671,-14.080703416845815,0.0010380247067375763,144.89386277769813,1.8636209144812035,0.06883888845234422,0.046130264004268964,0.12115359569831821,0.027829558747500583,2.7666666666666666,4,1.2,0.18252590383043105,150.52004750569662,225797.0,195.0,20.16206896551724,24.444827586206895,0.12413793103448272,19.282978723404256,22.81914893617021,0.3638297872340425
ch20_URA7_URA8_001_hyperstack_crop_21,4,25,18,14,47,495.0,0.9031880488706318,1.9323023258605918,3.40923800535273,0.5789954594773293,2.5060499564820984,2.1409366918458357,4.217847112342124,10.493915477101927,0.6929848365226995,0.49108899025447655,0.36109781676926117,0.7221956335385223,0.19435924789882275,xy,xy,13,0.0,8.749202151968309,82.98187826603677,40.974811825744524,42.16876194704494,693.9618007063534,-40.974811825744524,0.000552484482389946,105.4461778085531,2.3550477702161383,0.10661084215892827,0.04347164976104445,0.09676505422973809,0.02004660851619191,3.32,5,1.2,0.25313822413535014,147.86626403808594,188177.0,181.0,20.625,21.674999999999997,0.0,19.057142857142853,23.428571428571423,0.11428571428571428
ch20_URA7_URA8_001_hyperstack_crop_23,1,8,7,4,23,285.0,0.9361590134225481,3.631760506419924,6.28452677967485,1.850883693210287,5.348367766252301,3.9888444990851757,6.893651584487506,16.288650190793994,0.7955362890823829,0.5229771954747925,0.42097385913593827,0.8419477182718765,0.14511767619560198,xy,xy,0,0.4744260786633734,10.513756395858321,66.36488166784109,68.90796300892056,11.310896531150023,248.63329505930298,-68.43353693025719,-0.005399965946976829,55.149212675900046,3.076285759938442,0.2898638472192236,0.06989351505670435,0.12802901598409241,0.0347185684058789,4.125,5,1.2,0.34899391771747645,192.7899627685547,251440.0,345.0,15.417391304347827,11.152173913043478,0.13043478260869562,17.907692307692308,9.346153846153845,0.11538461538461539
ch20_URA7_URA8_001_hyperstack_crop_23,6,8,4,29,49,300.0,1.641347540589658,2.264906475129626,3.4103536524224607,0.595633964900108,1.7690061118328027,2.383569561882355,4.911892388567793,7.364489627466643,0.7435877687284519,0.5767568406546777,0.3736745521072462,0.7473491042144924,0.1748203812773788,xy,xy,0,0.8566430552793493,24.519527369563104,1.1287414271338025,24.64904422618398,35.868506949077634,120.39569689846167,-23.792401170904633,-0.0004891243330659046,39.295139108542344,1.353450072377711,0.17234048607125155,0.03820738329052757,0.07161142730552046,0.018376089365147473,2.75,4,0.8999999999999999,0.19438797112989747,169.39480018615723,76835.0,256.0,18.308823529411764,24.67941176470588,0.10588235294117646,18.978688524590165,23.522950819672133,0.31967213114754095
ch20_URA7_URA8_001_hyperstack_crop_24,3,28,22,6,49,645.0,0.7187365986260934,2.16031445204576,4.370398230149126,0.7769320504000606,3.651661631523033,2.3645188742223437,4.30987262041026,9.374569122810948,0.6974059305131737,0.5424691071265749,0.3782108533212501,0.7564217066425002,0.19240118952389848,xz,xy,3,6.119992522652613,9.790048479500976,1.7740670926898523,23.773301656225566,25.933566383809627,619.245134111616,-17.653309133572954,-0.0017480609259923278,120.67643337148729,0.6160266949482724,0.028133007043819217,0.040593041017230276,0.11324127779522179,0.024394037731441963,2.9642857142857144,5,1.2,0.1999820668521415,140.88846915108817,224813.0,175.0,20.5,16.866666666666667,0.25,19.939999999999998,16.61,0.24666666666666662
ch20_URA7_URA8_001_hyperstack_crop_28,4,7,3,12,46,510.0,0.8709806173148261,2.71969589126419,3.96377876883464,0.8803229671296853,3.0927981515198137,2.9331984618318576,6.001420959950671,8.20082261562678,0.7825477547103535,0.529916760290464,0.4226122815204328,0.8452245630408656,0.162115180922242,xy,yz,1,2.6553848223624734,20.73674031160318,14.751565880484822,68.87662256381917,81.00799018605349,227.17297067678544,-66.22123774145669,-0.0038420732229597883,42.0099467196547,1.1416725504320375,0.14204127996757415,0.03811248403468114,0.08398119129133529,0.033252706945610076,2.857142857142857,4,0.8999999999999999,0.2149819381328339,164.23091561453683,64258.0,196.0,18.578048780487805,23.963414634146343,0.07317073170731707,18.814285714285713,25.071428571428566,0.21428571428571427
ch20_URA7_URA8_001_hyperstack_crop_29,3,27,27,5,31,390.0,1.4178535587877117,2.685538396138589,4.35325133256415,0.7714726061807239,2.935397773776438,3.042642707374238,5.475864307231782,10.070520993918601,0.7284038842911417,0.4834312680570793,0.44216768042237,0.88433536084474,0.1766909694967022,xy,xz,3,14.29539155529066,2.4088411466499173,43.181323216799555,0.8966402711901299,46.705162513949915,545.5157269622146,13.39875128410053,0.0015751455286038894,147.84833629525812,1.375480638799632,0.05948242084691483,0.05929270165207972,0.1252153752205779,0.02706281602301372,3.7777777777777777,5,1.2,0.30368440688126036,156.2829273365162,403467.0,225.0,19.53272727272727,14.514545454545454,0.22363636363636358,20.15753424657534,15.73972602739726,0.2013698630136986
ch20_URA7_URA8_001_hyperstack_crop_30,1,18,18,32,49,255.0,1.1656102268116915,2.6982158560512284,4.1872574487816046,0.7849190709512084,3.0216472219699133,3.0534540131111703,5.356666103307266,13.807565374975562,0.6869942144104206,0.46496502286098756,0.49043828546959417,0.9808765709391883,0.1951987652064586,yz,xy,5,33.5830811843329,6.229186783226834,51.156671090504084,57.3408564578917,29.30566968175814,612.1978772115336,-23.7577752735588,0.00453569615288829,96.41998985953079,3.083220139744384,0.15619808507343472,0.07740849937988763,0.1925778935170287,0.04424719856119623,4.555555555555555,5,1.2,0.39560935990096735,178.38492499457465,397457.0,303.0,21.436666666666667,11.826666666666668,0.45000000000000007,19.366981132075473,14.10566037735849,0.280188679245283
ch20_URA7_URA8_001_hyperstack_crop_30,2,7,5,20,49,435.0,0.7999431660193501,3.4226941335957113,6.5439292095308605,2.616262707134682,5.74398604351151,4.012688751711404,5.387922586698676,8.845053694672279,0.7516689801015849,0.454255230541925,0.40007170855925545,0.8001434171185109,0.19296774996771943,xy,xy,2,3.9559557192491295,2.1271074209875036,46.61598403495269,59.16885428498728,73.90170105397206,148.71806881982275,-55.21289856573815,0.012090003798005074,37.71545810689073,2.4241747611651956,0.20142110456419168,0.06696988285192106,0.11615971047629087,0.04082000062510998,3.857142857142857,5,1.2,0.4163430773006563,159.8282012939453,62363.0,205.0,10.961538461538462,11.884615384615385,0.46153846153846156,12.281739130434783,13.917391304347827,0.42260869565217396
ch20_URA7_URA8_001_hyperstack_crop_32,1,43,35,5,49,660.0,0.7163353227321013,2.9920433074968216,5.511871912498004,1.1850569841470413,4.795536589765902,3.3945805518092333,8.264495831872898,24.60312648625933,0.6737964301137324,0.45400907022123055,0.570407334858919,1.140814669717838,0.20655060966250638,xy,yz,13,1.610541787530146,5.882670561763332,16.45240164678958,83.89819933110753,75.0794419115178,1265.314351608159,-82.28765754357738,-0.0017813947439748001,355.3733207705346,2.17895728253844,0.06043036262507697,0.05699561396310885,0.21393522043267202,0.04440196875834746,4.255813953488372,5,1.2,0.3721749026387769,166.52059262297874,946620.0,278.0,20.73939393939394,15.766666666666667,0.2515151515151516,18.750731707317073,16.602439024390243,0.5590243902439024
ch20_URA7_URA8_001_hyperstack_crop_33,4,11,6,18,46,420.0,0.7946293530595059,1.3774667356659214,3.320610327717822,0.6749700923653986,2.5259809746583164,1.4166964489071863,2.491715081745625,6.90587352669074,0.6417723664485272,0.46291098457249735,0.26831960885893485,0.5366392177178697,0.22375183258390602,xy,xy,2,1.8772919409265054,14.482479549369328,67.61237389904873,55.553285340696874,55.820655402001954,385.98756770964434,-53.67599339977037,-0.00046010039861531303,27.408865899201874,2.516707298237124,0.17734684134480996,0.055422869255710924,0.16434968075413928,0.04511328283995464,2.090909090909091,3,0.6,0.11165773015699286,145.4280145818537,31308.0,167.0,19.5,24.768749999999997,0.09375,18.380000000000003,27.02,0.2
ch20_URA7_URA8_001_hyperstack_crop_34,3,36,31,3,40,555.0,0.6535373831014631,1.5565384573149403,2.036773364816785,0.2962184449221614,1.383235981715322,1.7389302074672544,2.5090060275318673,4.770561592772227,0.5813009269066249,0.44420751007089276,0.3787315813736945,0.757463162747389,0.2452687220141246,xy,xy,11,0.0,15.490693464524742,26.051790670365662,47.82968673261737,76.83000077639986,1058.5150593764683,-47.82968673261737,-0.0010905336090532075,90.32421699114722,3.720526044739751,0.10914518997015198,0.05992033636088954,0.2138310818753058,0.03924854752554108,3.4722222222222223,5,1.2,0.2768172982618435,153.01386091444226,294102.0,253.0,20.863636363636363,17.89090909090909,0.0,17.26363636363636,16.98181818181818,0.23636363636363633
ch20_URA7_URA8_001_hyperstack_crop_34,4,16,8,3,49,690.0,0.6746192341692506,2.080038695186728,4.014764164030867,0.9173425738896659,3.340144929861616,2.521841546224156,5.4291620759260475,13.824565296315459,0.69727995575167,0.4671633278546782,0.3835792186206,0.7671584372412,0.20405392944720036,xy,xz,7,5.713867204646661,14.97287634774112,35.76224593260613,3.0746699429020277,39.5425642903515,484.03086831000854,2.6391972617446333,0.0003418081873475666,86.86659321481676,3.65179592897451,0.2030506995485863,0.048698430931999916,0.13211207277627088,0.03196155257687029,3.1875,5,1.2,0.24188330477219114,141.4190549850464,139044.0,191.0,21.207692307692312,25.615384615384617,0.11538461538461539,17.56595744680851,25.851063829787226,0.24893617021276596
ch20_URA7_URA8_001_hyperstack_crop_35,3,16,12,20,39,285.0,0.6572791621058666,2.1442675305336674,3.716249825765799,0.8224223363668833,3.0589706636599328,2.372969748131456,4.1835655926545945,9.339663706459723,0.7035759880295851,0.4770925355336517,0.3787402027449127,0.7574804054898254,0.18997631933945328,xy,xy,2,7.97136529189738,1.8083883175839794,61.370626777741464,68.00088385283213,11.291739296835782,449.721504316877,-60.029518560934754,0.0015563643541202828,66.93704948247351,5.750784712460879,0.21377344305210277,0.11238118286211453,0.30963938052349366,0.08663006818701433,3.6875,5,1.2,0.319275107253229,152.03229522705078,181412.0,227.0,19.213043478260865,16.539130434782606,0.3260869565217391,21.804000000000002,21.671999999999997,0.21599999999999997
ch20_URA7_URA8_001_hyperstack_crop_36,3,9,3,3,26,345.0,0.7378647873726216,1.1104539896615588,1.574226880012938,0.27389364288860785,0.8363620926403164,1.1755635480224311,1.789113454477685,2.622792206135785,0.5845164251304698,0.5270366622853985,0.2744995794419885,0.548999158883977,0.2522222571466283,yz,xy,1,18.434948822922085,15.084131022569803,71.56505117707793,26.79562422181806,59.338200739457825,285.692027473744,-8.360675398895975,0.00048693984227281517,16.102021090299164,4.687335303229115,0.4311568801278974,0.03750043902060575,0.11962128605546057,0.03324191469495323,2.4444444444444446,3,0.6,0.2129666146653029,144.8137936062283,29412.0,174.0,15.75,15.24,0.42000000000000004,19.32857142857143,18.25714285714286,0.17142857142857143
ch20_URA7_URA8_001_hyperstack_crop_36,4,39,26,2,46,660.0,0.6666666666666682,1.8168294859336116,4.179823398502276,0.8769213830195765,3.513156731835608,2.031980679406123,3.6603515228673698,11.135450055421224,0.6657857468502977,0.39175257731958996,0.35136213489694196,0.7027242697938839,0.2187246396328149,xy,yz,15,0.0990924977411765,12.894424939613307,58.102629972680134,73.6141753917876,43.70263103752685,1193.9420972408777,-73.51508289404642,-0.0027798235060785548,142.7537093918274,3.049658450821441,0.125503656551715,0.038399576040333096,0.09026066809244229,0.020404042480397046,3.1538461538461537,4,0.8999999999999999,0.22864871690402794,140.16088280310998,252682.0,180.0,17.65,22.125000000000004,0.14166666666666666,17.866666666666667,25.166666666666664,0.09999999999999999
ch20_URA7_URA8_001_hyperstack_crop_37,3,29,24,17,49,480.0,0.6666666666666643,1.490315906905027,2.6428804755470106,0.4380487790782466,1.9762138088803463,1.6220637151388413,2.617406661516126,6.286503384903867,0.6011094144279212,0.40418521448804506,0.34450489378786503,0.6890097875757301,0.24239387049555597,xy,xy,8,1.3946323951209754,21.377610869633912,9.032376317226708,58.96917636480114,59.78271657148246,932.7994261587368,-57.57454396968017,-0.0007023389536217376,75.90479318396766,1.8631042763030476,0.07291044548998996,0.05450013805478966,0.12388916012860131,0.029361662059364392,3.5172413793103448,5,1.2,0.3092501885412341,135.81190648572198,165533.0,169.0,22.044230769230772,19.47692307692308,0.1961538461538461,22.575,17.7,0.375
ch20_URA7_URA8_001_hyperstack_crop_40,4,11,6,2,42,600.0,0.6535373831014633,1.0025139862473216,3.4821647254344845,0.7949380191562659,2.8286273423330215,0.9941586849569313,1.7522023776768365,6.572575835921365,0.6562889466713414,0.42216358839049867,0.22190057085149428,0.44380114170298857,0.24703017361337823,xy,xy,4,2.8101589238740305,6.316343080894232,10.194339334708289,69.41704472719682,80.9589080457849,387.3465715560724,-66.6068858033228,-0.00041430299706869623,19.274226154445202,3.0944840038365076,0.22332575981160602,0.04721452748897766,0.12994686710961909,0.0357157364811608,1.8181818181818181,2,0.3,0.06635330578512395,139.7261824174361,17768.0,157.0,19.575,26.25,0.0375,19.740000000000002,23.159999999999997,0.06
ch20_URA7_URA8_001_hyperstack_crop_41,4,34,34,2,35,495.0,1.4405318350653418,2.2550052431812295,3.6873537351976466,0.6420139182892723,2.246821900132305,2.534351620115447,4.232122872043597,10.132413936117441,0.6544657183716902,0.5435612528138405,0.4472744226756237,0.8945488453512473,0.20469495582836542,xy,xy,4,13.153156694255156,5.1289071332842235,32.10335751986398,9.453017593754547,42.72485561107617,1011.8933776054267,3.700139100500609,-0.00021763753505763854,143.89217764948228,0.987192174150069,0.05225265631824653,0.03816700939372491,0.07548321032304729,0.01634868175098937,3.7058823529411766,5,1.2,0.2745247883904774,141.58875005385454,343294.0,176.0,19.827272727272728,26.11704545454546,0.28295454545454546,19.482608695652175,27.039130434782606,0.208695652173913
ch20_URA7_URA8_001_hyperstack_crop_42,1,15,15,35,49,210.0,1.0351450961503705,2.2118574573936374,2.7382535745347347,0.4559310331172577,1.7031084783843642,2.506298587280668,4.372183656799633,9.052709378639447,0.6323929139705218,0.5266149934197407,0.46808514912310956,0.9361702982462191,0.21497820846700064,xy,xy,8,2.9028844090793906,10.010255055276449,35.87578157137282,31.314235959802712,68.711270243099,415.017823069271,-28.41135155072332,0.0042786627334674915,65.5827548519945,1.8981207676163385,0.19605302044027137,0.04610319342025256,0.08356596873085032,0.019828033613019498,4.533333333333333,5,1.2,0.4192237605417317,149.7288787841797,237257.0,206.0,23.935714285714283,21.47142857142858,0.08571428571428572,24.900000000000002,19.86455696202531,0.38734177215189863
ch20_URA7_URA8_001_hyperstack_crop_43,2,12,7,4,49,675.0,1.3664277009887213,2.326616853142346,3.540214427149784,0.6132341070628368,2.1737867261610626,2.6635730089926146,4.8388204943230155,17.452877266183254,0.62133687721243,0.45696986483201407,0.5005513224400092,1.0011026448800184,0.22746338382431874,xy,xy,4,9.609759435217562,17.25677539722483,41.375453077439836,28.231077842156697,14.276111632027167,222.98621256368338,-18.621318406939135,4.072064029272766e-05,58.06584593187619,4.284266527328406,0.29827815981668376,0.07493049345209424,0.22570923094766915,0.06508671184559547,4.833333333333333,5,1.2,0.43119534805374365,153.10894902547201,226662.0,225.0,19.797744360902254,12.552631578947368,0.3789473684210527,16.324719101123595,15.060674157303373,0.43146067415730344
ch20_URA7_URA8_001_hyperstack_crop_44,4,7,7,39,45,90.0,1.147047614635907,1.645823057318759,2.0567467111792013,0.25199227646593725,0.9096990965432943,1.8668410145886831,3.291695468580935,8.239229018422325,0.5263841466684255,0.48745252693932145,0.44366896231049385,0.8873379246209877,0.27030312509487564,xy,xy,4,10.106639410822282,25.05786935802392,10.812022190460304,50.834916815685546,67.5640232870722,177.24792814107664,-40.72827740486326,0.0033509284497710338,23.041868280066545,1.4410861253441942,0.30743012437201667,0.05208360141052399,0.08658851229862127,0.026478726670420775,4.285714285714286,5,1.2,0.3964968330924937,172.66643633161272,85613.0,262.0,17.072413793103443,25.493103448275864,0.3586206896551723,17.621739130434783,24.166304347826088,0.47934782608695664
ch20_URA7_URA8_001_hyperstack_crop_45,1,12,11,6,40,510.0,1.7976092277835034,2.607987279242483,3.870506057848036,0.6444051007877433,2.0728968300645327,2.967624468962571,5.110977973031536,16.32844004277323,0.6911610331814445,0.5366052070190491,0.48512987644099176,0.9702597528819835,0.19355580933523234,xz,xz,2,8.219831060156343,17.101001529052112,7.1446342557804146,5.297360737380967,9.030125417695116,477.920136339851,2.922470322775376,0.0002424128162810995,61.331735676378436,1.4514611000871571,0.11839335365630076,0.07217769851367223,0.21133396675292512,0.060578818281801776,4.25,5,1.2,0.4015559817419327,156.7758026123047,252176.0,214.0,17.63606557377049,17.09016393442623,0.2262295081967213,19.025714285714283,17.457142857142856,0.42857142857142855
ch20_URA7_URA8_001_hyperstack_crop_46,3,11,7,9,42,495.0,0.8134565322404086,1.6769668915072535,3.5602063486314486,0.7810947436236914,2.74674981639104,1.7495395725348468,2.723070901106753,7.403941975658985,0.6612457647485614,0.4380003581806744,0.3184805903910762,0.6369611807821524,0.2197005684149172,xy,xz,5,0.9670069657312214,5.459938932638691,86.94074723974835,4.593147297119174,82.4259002964629,453.5118994564359,-3.6261403313879526,0.002497876994793929,29.953779912174284,1.0614535351424632,0.08375318738460862,0.04489169186522247,0.10870383798970021,0.02984212948797705,2.909090909090909,5,1.2,0.22475265153176355,139.93845575506037,60353.0,175.0,20.823529411764707,14.258823529411764,0.14117647058823526,21.3375,15.187499999999998,0.15
ch20_URA7_URA8_002_hyperstack_crop_02,2,20,11,16,48,480.0,0.7367914907250177,2.4596818865448435,3.6892188290815437,0.8093075708158366,2.952427338356526,2.764809633797383,6.087797582436386,15.270762590740398,0.6954855667911697,0.4838491912840104,0.4359334616419826,0.8718669232839652,0.19045539448865692,xy,xz,7,6.219397266164308,26.623368718848987,56.82539050627916,11.96075251220279,70.03083745780825,379.7061321734656,-5.741355246038482,0.0025515712200467567,121.75595164872773,1.5990746434532612,0.09927070520819181,0.042959385630706254,0.09797921335671157,0.023047725225936122,4.4,5,1.2,0.4955463294924435,156.56221694946288,298250.0,212.0,25.11818181818182,1.8545454545454547,0.13636363636363635,23.666666666666668,2.4750000000000005,0.3916666666666667
ch20_URA7_URA8_002_hyperstack_crop_02,5,3,3,41,43,30.0,0.6559297999321461,1.3465585384028904,1.9004974169692643,0.5172041677422112,1.2445676170371183,1.4424226932121877,2.288608519658389,4.330193520063051,0.5975525511806766,0.5599999999999996,0.3172822294763835,0.634564458952767,0.2512798025951479,yz,xy,1,29.97466617973785,8.984876931685672,45.26958183610526,69.56068242674169,26.03262685970443,168.54061287809412,-39.58601624700384,-0.027577286612503825,6.8658255589751676,0.2208075668416159,0.9243026143532567,0.007963033008625537,0.013731689075673544,0.0057686560670480065,3.3333333333333335,4,0.8999999999999999,0.21204633204633203,151.89100138346353,15220.0,184.0,20.82162162162162,3.0000000000000004,0.26756756756756755,20.82857142857143,2.8285714285714283,0.12857142857142856
ch20_URA7_URA8_002_hyperstack_crop_03,2,6,6,3,8,75.0,1.4225065092947276,2.3402494895621886,3.3941250870910187,0.6370700086122429,1.9716185777962911,2.6520808128637894,4.164235052004695,8.457560343374361,0.7275957902918803,0.6414685028198975,0.38749471620417375,0.7749894324083475,0.17501606683251017,xy,xy,0,18.47754772818056,4.904113391505332,32.87365078676538,39.54645135541572,14.363485502323021,109.08552313568191,-21.06890362723516,-0.009540393180439246,24.985410312028172,3.242253111273666,0.499982265702584,0.08646314969372215,0.13632760286072124,0.03844571747762688,4.0,5,1.2,0.32711652063709823,157.80089823404947,78108.0,222.0,20.771428571428572,2.4642857142857144,0.33928571428571425,20.690624999999997,5.699999999999999,0.15
ch20_URA7_URA8_002_hyperstack_crop_04,5,48,48,2,49,705.0,1.3173590297488833,2.4663857258555795,3.2341995688771203,0.37684790368025706,1.916840539128237,2.882265821398795,5.6476305467704435,16.606126517687585,0.6419256170416036,0.45971627723320807,0.5155761689153738,1.0311523378307477,0.2119116744357302,yz,xy,23,5.794731581262006,2.854313371222087,83.8369724457486,4.9982407191856835,86.82765358776572,1238.8446783782722,0.7964908620763227,-0.0008991601633312515,271.0862662449813,1.412208971216437,0.05629110595667459,0.035585253806299885,0.0987880165922074,0.018449817872921395,4.145833333333333,5,1.2,0.3085617714928819,147.7391799290975,761759.0,208.0,18.10473372781065,20.820710059171596,0.3994082840236686,17.766101694915253,22.164406779661014,0.1271186440677966
ch20_URA7_URA8_002_hyperstack_crop_05,1,26,15,1,30,435.0,1.0570841115886438,2.3632711492154863,3.8700101426010725,0.7737626161222398,2.8129260310124287,2.689227734537142,4.652794360606048,13.179477217312005,0.679912645285147,0.5155480842770317,0.4411367563316134,0.8822735126632268,0.19458469759734764,xy,yz,9,6.8944094601511905,34.23212336205542,29.400710544099294,44.22683077544461,48.85914495266396,570.5328992355845,-37.33242131529342,0.0015793069361544087,120.97265337575725,2.9642245164843644,0.11035376274212183,0.06390705742129921,0.17668777646697797,0.04633822706429946,4.6923076923076925,5,1.2,0.5224691808184037,162.88248267540564,501644.0,265.0,18.5,10.516666666666667,0.1333333333333333,18.57857142857143,13.435714285714283,0.642857142857143
ch20_URA7_URA8_002_hyperstack_crop_05,2,14,14,17,30,195.0,1.0812234577401933,2.8255356702544434,4.972689789332635,0.7944432785211958,3.8914663315924414,3.1407819773991443,6.814640905520368,12.38510358149299,0.712031480357488,0.4764990137912797,0.47149263942341074,0.9429852788468215,0.18244509597011405,xy,xy,2,1.734897817185796,2.1403656163563443,25.00463752475266,82.75667477903839,58.179170905884675,252.92129442379095,-81.0217769618526,-0.011880953282739342,95.40497267728514,5.706006106379951,0.4987487574347769,0.05866996025575877,0.2730140619172122,0.07030827994593673,4.142857142857143,5,1.2,0.35257116383724035,161.98029436383928,249315.0,249.0,21.899999999999995,15.4,0.19999999999999998,26.826804123711337,12.522680412371134,0.27835051546391754
ch20_URA7_URA8_002_hyperstack_crop_05,6,22,14,27,49,330.0,0.7346560672221769,2.6730097287480956,4.662452100382335,1.140258345566728,3.9277960331601585,2.8565170505014166,6.023353211984176,14.859040452927706,0.682757327101594,0.3960116147479422,0.4740039041136409,0.9480078082272818,0.19894720805479282,xz,xy,12,6.499213772659183,10.074594002480698,4.417589085196408,44.43318310465015,49.332641153555606,764.4539569115004,-37.933969331990966,0.005790638535292622,132.51377066365188,1.9619930073522778,0.08054197976655804,0.07456697536029848,0.2942418422302881,0.05988273721788054,4.0,5,1.2,0.33782450786941065,148.95093189586294,337819.0,210.0,21.518181818181816,19.840909090909093,0.09545454545454546,20.84645669291339,18.018897637795277,0.37559055118110235
ch20_URA7_URA8_002_hyperstack_crop_06,1,8,7,1,10,135.0,2.179942810985843,4.039457699545174,5.2137052757473965,0.9260390363739489,3.0337624647615535,4.53946869484097,11.146772152185939,22.437271671646098,0.8704278323792249,0.8280034409436182,0.42920611495761996,0.8584122299152399,0.10880079333434409,xy,xy,2,5.585826485683316,2.3607508892507325,8.574509991642957,7.113740148369421,8.085820431879654,165.12906567254996,-1.527913662686105,0.016858790587148488,89.17417721748751,2.0117741356323977,0.24166761530496628,0.05586578780052453,0.08195474113202421,0.020574533601702694,3.875,4,0.8999999999999999,0.32037674801464977,169.42203330993652,211723.0,234.0,23.737499999999997,9.88125,0.3375,24.058378378378375,11.867027027027024,0.3064864864864865
ch20_URA7_URA8_002_hyperstack_crop_06,6,5,3,0,29,435.0,0.9671359140111697,1.5332207397823436,2.743268755299099,0.620367368591757,1.7761328412879291,1.6545089949625176,3.2700562727039175,7.042535432267073,0.6319702173478582,0.5173371260736372,0.32657227542918765,0.6531445508583753,0.22412992460575895,yz,xy,1,35.29550345361079,3.6479140528388703,37.9085840887256,72.2399128895252,62.50936929212078,197.18908346390765,-36.94440943591441,0.0007489474464617752,16.35028136351959,5.183354933568308,0.6365176632437286,0.04163664401968461,0.08768060123598312,0.028395532124714264,2.4,3,0.6,0.3036033768346048,156.0203430175781,30045.0,186.0,17.650000000000002,25.799999999999997,0.7999999999999998,18.825,20.79642857142857,0.12857142857142853
ch20_URA7_URA8_002_hyperstack_crop_09,1,8,4,8,27,285.0,0.7357825208557942,0.9930468995686106,1.6933142190356605,0.29845386337492275,0.9575316981798663,1.0616418288273666,2.0913008594803357,4.462160041226035,0.5436189286066728,0.4128013960577229,0.27816755561105183,0.5563351112221037,0.2888930125481546,xy,xy,4,23.212061008016896,3.29711270282838,50.153737189553844,32.81195677847035,30.42633855097492,398.50884662669705,-9.599895770453458,-0.0005024001645743848,16.730406875842686,2.7368078368076256,0.40306963640121996,0.03439109912088843,0.06067563775461813,0.015956165045393506,2.625,4,0.8999999999999999,0.2572478151888434,132.85945320129395,24165.0,155.0,19.457142857142856,8.1,0.12857142857142856,18.023076923076925,10.430769230769231,0.16153846153846155
ch20_URA7_URA8_002_hyperstack_crop_11,6,37,17,2,49,705.0,0.6666666666666682,1.252663013714009,1.9216546714660276,0.30632653433010737,1.2549880047993596,1.3825353246050947,2.120381328768782,3.9013150518367765,0.5595905347257488,0.4123077079516657,0.3213440133602767,0.6426880267205534,0.2638454228859958,xy,yz,25,2.1209303926470957,37.8907553885563,17.42236648339789,45.07483683649186,81.77456812304942,1109.1231545714345,-42.953906443844765,0.000290738169289874,78.45410916444493,0.5169046921399434,0.013820761807520406,0.05907264452703768,0.2069464000653309,0.04255445979361595,3.2162162162162162,5,1.2,0.2744961287207833,145.5390163112331,180802.0,190.0,22.75384615384615,20.97692307692308,0.023076923076923075,22.538297872340426,21.236170212765956,0.41489361702127653
ch20_URA7_URA8_002_hyperstack_crop_12,1,21,12,3,49,690.0,0.6572670690061987,1.5613953606039794,2.2409538607854933,0.5021764539588204,1.5836867917792947,1.7450405099178485,2.7705067519892674,8.7300675031663,0.5866457353244866,0.4594594594594594,0.37178983103132424,0.7435796620626485,0.24958130736574025,xy,xy,6,27.65014093113963,0.40849844438606553,40.23141532513733,44.47263351188826,88.66868158404952,744.7222487695909,-16.82249258074863,-4.751263480685905e-05,58.18064179177462,4.7038555809527125,0.27585515256708376,0.03611976690784153,0.11609341082937805,0.025335285557761673,3.142857142857143,5,1.2,0.3455485230170498,146.74658784412202,166017.0,221.0,19.767647058823528,15.46176470588235,0.5147058823529413,15.407142857142857,13.735714285714286,0.14999999999999997
ch20_URA7_URA8_002_hyperstack_crop_12,5,16,11,1,36,525.0,0.582085500087198,1.3830800278394486,2.004593887237729,0.49499343107954735,1.4225083871505309,1.552211384467745,2.1585680132932574,5.397570237851007,0.5950249800977986,0.39823008849557223,0.33879984458611,0.67759968917222,0.25861639668926395,yz,xy,6,1.2722218725854067e-14,1.1656678133090603e-14,90.0,75.96375653207312,14.036243467926877,448.58767702904714,-75.9637565320731,-0.0001611069839608961,34.53708821269212,0.9009994450608734,0.08312516007781007,0.03235737275111102,0.07303138054658054,0.015357037404167714,3.75,5,1.2,0.4086065873511907,145.52985954284668,106856.0,183.0,14.699999999999998,25.2,0.14999999999999997,14.669999999999998,25.98,0.6
ch20_URA7_URA8_002_hyperstack_crop_13,2,8,3,8,25,255.0,0.6599663291074442,0.9923736491057771,1.2641403545339145,0.20467895193195257,0.6041740254264703,1.040581213829433,1.4866566949706197,2.767075579264163,0.5512350067164045,0.41489096344340587,0.2715434488652987,0.5430868977305974,0.2655382273198489,xy,yz,4,24.0948425521107,45.00000000000005,54.73561031724529,44.99999999999995,30.000000000000092,187.01190409468546,-20.905157447889252,-0.00029364938716670196,11.893253559764958,0.5917329879211458,0.14511973399102857,0.028973252009539093,0.054891391955722235,0.01913794304143374,3.5,5,1.2,0.7759903846153846,163.23977661132812,31947.0,188.0,21.15,14.399999999999999,0.75,21.184615384615388,14.976923076923079,0.8769230769230768
ch20_URA7_URA8_002_hyperstack_crop_13,6,3,3,2,4,30.0,1.5583882803957245,1.8056308887250998,2.0342826479474954,0.19472729139279862,0.47589436755177084,1.890819961584178,5.221467308559222,7.321852300634384,0.684654790953128,0.6340884446275505,0.35593968170197793,0.7118793634039559,0.19851945961784132,xy,xy,0,2.9879012720707414,3.60563338439275,27.659511716341868,8.384073746563475,20.38444074140423,160.11675175005666,-5.396172474492733,0.015863145585059028,15.664401925677668,0.25960872847128935,0.25075943246567345,0.03450966608628336,0.042643018223020225,0.00813335213673687,2.3333333333333335,3,0.6,0.13296842827728206,149.61797587076822,17618.0,174.0,19.093548387096774,23.77741935483871,0.08709677419354837,19.334042553191484,23.699999999999996,0.14680851063829783
ch20_URA7_URA8_002_hyperstack_crop_14,2,11,11,3,13,150.0,1.4526025359810921,2.9162508986059383,4.094914610070707,0.900725778930014,2.642312074089615,3.3870860071297644,6.7662271904466085,17.036821507022996,0.6672875121943078,0.4634273084110927,0.5376870350842342,1.0753740701684684,0.20131790633217952,xz,xz,7,38.17222302173906,7.012252056718638,9.285893143251483,6.558288012211032,31.518696652332586,505.8388450363397,31.613935009528024,0.016352291931395965,74.4284990949127,2.848647122220309,0.22820382719529092,0.0832193791322793,0.20247478387144627,0.06880239176756102,4.909090909090909,5,1.2,0.5085091137977086,196.92500998757103,365844.0,333.0,22.984615384615378,18.34038461538461,0.39230769230769214,20.475362318840578,16.992753623188403,0.44057971014492764
ch20_URA7_URA8_002_hyperstack_crop_15,2,48,48,2,49,705.0,1.1100263257496163,2.754551086764348,7.15339899450304,1.6801221234921935,6.043372668753424,2.954529090028093,4.164850701639625,9.585591695491885,0.7264765263604916,0.439231662051341,0.4178308244468359,0.8356616488936718,0.1766679062974368,xy,yz,21,27.85110597474328,35.08688649554396,40.955898876412874,49.88556322612006,19.51674558137911,996.6664150639405,-22.034457251376782,-0.0011349263044944855,199.912833678702,1.2166714148838438,0.034266798882367944,0.05036289098661122,0.19875546764740154,0.03460860981572726,4.895833333333333,5,1.2,0.47231150452085463,147.00695419311523,515093.0,192.0,18.167441860465118,19.043023255813953,0.5093023255813954,17.196428571428573,19.757142857142856,0.6749999999999998
ch20_URA7_URA8_002_hyperstack_crop_16,8,5,3,28,49,315.0,1.3232398972144097,1.9380498618706041,3.450552183246383,0.7698445743954645,2.127312286031973,2.1483412784371487,4.575843917746402,16.97881688702623,0.6722711522882069,0.5178340050083893,0.39439756466519943,0.7887951293303989,0.21070297945289335,xy,xy,2,0.6095924165161448,13.279847452719657,42.27963293406095,17.54644593354711,27.144244607828462,277.66300446687643,-16.936853517030965,0.0007134040069549207,22.87921958873201,1.756191131642203,0.22178860424669605,0.06511737002732437,0.12483803698234013,0.04301636487959159,3.2,5,1.2,0.19411809975520197,154.55174255371094,49157.0,230.0,23.232000000000003,28.848,0.07200000000000001,22.95263157894737,27.121052631578948,0.22631578947368422
ch20_URA7_URA8_002_hyperstack_crop_17,2,15,15,32,46,210.0,1.4422084811626747,2.898872268649081,3.9286714429082843,0.6665238588827307,2.4864629617456098,3.181705699689422,5.337159107111173,9.284925645116516,0.7693963206223996,0.6006437659447015,0.4329622206128677,0.8659244412257354,0.15480937767914094,xy,xy,0,4.025558252307068,2.195581818558228,29.793287915865985,31.00556236194463,2.163802376061463,413.7489819203978,-26.980004109637562,0.0066533885999199354,80.05738660666759,2.7454184313654713,0.2070823922386239,0.06313149544204442,0.16746246724238614,0.0442011492846736,3.6666666666666665,4,0.8999999999999999,0.28342792415953005,151.54410909016926,264417.0,199.0,25.37,14.88,0.13999999999999999,25.415625,17.625,0.15468749999999998
ch20_URA7_URA8_002_hyperstack_crop_17,5,42,30,3,49,690.0,0.7967768531378671,2.318569778892443,4.350100029755474,0.8052395912863051,3.553323176617607,2.575895358069,5.133415666658554,21.03683698360871,0.6681641747038489,0.46716279167987296,0.43276182298070764,0.8655236459614153,0.20413041584136787,yz,yz,24,7.4885749648292945,33.1819098918017,79.81782831913252,48.928219898229905,31.0457907032443,1580.5676932781166,-41.43964493340061,-8.38987737475737e-05,215.60345799965927,1.161512233917195,0.02950731304395135,0.05917722775454611,0.1314566478436792,0.03050831105908797,3.9285714285714284,5,1.2,0.36438827992971445,151.41418384370348,559313.0,243.0,20.2,18.583333333333332,0.16666666666666663,19.157943925233642,18.17663551401869,0.4794392523364487
ch20_URA7_URA8_002_hyperstack_crop_18,7,25,9,7,49,630.0,0.8082903768654758,3.0260703545563,4.9927425709832445,1.128290626020867,4.184452194117768,3.351088536362477,6.147001736879686,18.93924870154394,0.7755369063673195,0.492262020647208,0.4351715381364464,0.8703430762728928,0.16383488688764303,xy,xy,6,2.199687523744471,1.4939468772672315,17.341501377458098,36.39450941365705,53.879767659884735,609.974189159466,-34.194821889912575,0.0031293358836026373,153.67504342199214,0.699848039482642,0.028397159276869616,0.04853851825764104,0.11098364730364964,0.027102523249789748,3.48,5,1.2,0.2927676869142315,146.0285217285156,301689.0,197.0,22.122222222222224,20.38888888888889,0.15555555555555553,21.69402985074627,20.923880597014925,0.29776119402985074
ch20_URA7_URA8_002_hyperstack_crop_19,1,4,4,46,49,45.0,1.4532468782217127,1.865546923973373,2.1944845364325345,0.2751042437523124,0.7412376582108218,2.1361887105045243,2.9098963306160455,8.075809939099631,0.5963813489248776,0.49387777676529687,0.43170182421605285,0.8634036484321057,0.23701457750270793,xy,xz,1,27.520496951130678,28.15783690807191,36.828368898678356,26.677750316146554,10.547418888570633,34.51589766229637,0.8427466349841239,0.016471947960240485,11.639585322464182,1.1691887937056729,0.5031692288755766,0.051636649664608576,0.05985193840558409,0.006215432013516069,4.25,5,1.2,0.3532764223728079,193.80038452148438,57120.0,317.0,17.983636363636364,16.734545454545458,0.31090909090909086,17.138461538461534,15.93076923076923,0.39230769230769225
ch20_URA7_URA8_002_hyperstack_crop_21,2,18,18,3,20,255.0,1.3159842662961245,1.7113667258736323,2.1086927451821733,0.2036859512162696,0.7927084788860488,1.9796197601843122,2.806230057584221,5.283106326579997,0.5940795256115039,0.5214481676454197,0.40177273286047027,0.8035454657209405,0.2363648191099159,xy,xy,11,32.69732527383094,27.42645444769707,34.06891488090758,43.76225935411847,9.729205501320822,217.04981020000798,-11.064934080287529,-0.0025348820943140423,50.512141036515985,2.8600926918669,0.21430595956508344,0.052336620945069016,0.22178300012320631,0.050522202617876266,4.666666666666667,5,1.2,0.4776238403958928,165.35306294759116,196706.0,233.0,19.203614457831325,12.80602409638554,0.5277108433734942,17.729411764705883,15.252941176470586,0.38823529411764696
ch20_URA7_URA8_002_hyperstack_crop_21,5,4,3,5,11,90.0,1.0343262493220429,1.701295635196944,2.2934649870422703,0.5547510357223223,1.2591387377202274,1.8917705508078684,4.545901603697304,10.092015932835224,0.6100314129620419,0.46624442106183767,0.3634124491032942,0.7268248982065884,0.22749422555482607,xy,xy,0,8.607053877373282,2.839503215416844,36.34374957132076,3.3893419713892854,35.24262797952403,108.98016317058523,5.217711905983997,0.013990430419113638,18.183606414789217,2.23463275794967,0.8101791089553295,0.04934602887815542,0.0775604901327321,0.027562531535642792,3.5,4,0.8999999999999999,0.2979166666666666,149.11698532104492,32138.0,187.0,17.716666666666665,23.33333333333333,0.33333333333333326,19.145454545454545,25.051515151515147,0.33333333333333326
ch20_URA7_URA8_002_hyperstack_crop_24,2,17,16,13,49,540.0,0.7094975112113678,2.587502507868192,3.392467341291236,0.7401788505153483,2.6829698300798683,3.0339361712594295,6.071879306285755,13.926187489554215,0.6970541327903171,0.5646627506011914,0.46941783587966185,0.9388356717593237,0.19009436949438852,yz,yz,4,19.735001367259617,11.456494104595537,61.475274634587066,74.63823111326195,32.929293322964355,340.52114176515846,-54.90322974600234,0.0033576723140413714,103.22194820685783,2.14066267399018,0.14632555777593262,0.052354795170417884,0.0896624291098724,0.02348649280889252,4.470588235294118,5,1.2,0.4244751072262137,162.01060126809512,371713.0,228.0,15.799999999999997,13.949999999999998,0.09999999999999999,13.786466165413534,14.569172932330826,0.4804511278195489
ch20_URA7_URA8_002_hyperstack_crop_25,1,30,21,6,46,600.0,0.7407094081103585,1.866163336429129,3.9495699440108614,0.7605809945875485,3.208860535900503,2.20417058778293,3.5460602988468892,7.225382515951024,0.6389035522318164,0.43386212864867096,0.38189767170621447,0.7637953434124289,0.22815555376846972,xy,xy,12,6.894409460151159,1.3747268588989683,59.6435667243266,27.293665467265072,87.84872465257955,638.4125552311848,-20.399256007113912,-0.0002732449698164661,106.38180896540668,1.6747880641107353,0.056163428839922994,0.0552472763953243,0.23810920847491424,0.04417439802157328,3.8666666666666667,5,1.2,0.35732977254533616,146.56942749023438,278827.0,207.0,20.983333333333334,12.100000000000001,0.1333333333333333,20.918181818181814,13.772727272727273,0.0818181818181818
ch20_URA7_URA8_002_hyperstack_crop_26,3,9,8,6,23,255.0,0.6666666666666682,1.4066748885878413,1.9925573216779622,0.4435834258500286,1.3258906550112939,1.605044919404148,2.1702522273442555,4.444345290635412,0.5520078153505135,0.45945945945945954,0.3653452372637297,0.7306904745274594,0.27269262562252733,xz,xy,4,33.18581148237679,1.0495830448829608e-13,30.466661836404782,44.999999999999076,33.96957505182746,138.3336780533084,-11.814188517622284,-0.0041166599219447,19.5322700460983,4.13061662488379,0.4216888325611543,0.06277012301223638,0.1436615513590482,0.047171145986229915,3.3333333333333335,5,1.2,0.31731792168561507,154.92911275227866,73853.0,218.0,18.16194690265487,13.869026548672565,0.5176991150442478,22.21764705882353,13.182352941176472,0.14117647058823526
ch20_URA7_URA8_002_hyperstack_crop_26,4,31,20,3,42,585.0,0.6666666666666682,1.8453797102829887,4.8143104070052125,0.8590557903314807,4.147643740338545,2.09909357311516,3.258512756888089,10.378820893453174,0.6057308024063484,0.46944565134591576,0.38559276392795033,0.7711855278559007,0.23426458494493582,xy,xy,18,4.340210450267699,9.30509374921885,73.41658381364024,11.675285612065409,61.83667918194388,950.3780304152697,-7.33507516179771,-0.0011323588751759978,101.01389546353076,0.8667213657744725,0.024332635445871137,0.07001650975305308,0.21674723014591832,0.05073007209366931,3.4838709677419355,5,1.2,0.30417352774232626,153.95496786794354,307144.0,223.0,19.18448275862069,21.09310344827586,0.22241379310344825,18.407142857142862,20.721428571428568,0.1285714285714286
ch20_URA7_URA8_002_hyperstack_crop_27,5,5,3,9,22,195.0,0.6621373042338718,1.4424712883000848,1.9413980311981212,0.4350288818315809,1.2792607269642493,1.5786929247712256,3.4754780179379017,6.614211129077793,0.6879957540877595,0.5749071662370451,0.28978650532592487,0.5795730106518497,0.21550179222698979,xz,yz,4,10.673018314161624,17.169185905711032,3.7285224860756427,65.32518339067748,73.43927933102611,257.49374409768257,-54.65216507651586,-0.005501837648143987,17.37739008968951,2.3176897169349338,0.3532056715583688,0.028984925489393,0.04186870768399197,0.012354072992237848,2.6,4,0.8999999999999999,0.15019172755708862,143.85511169433593,18273.0,166.0,20.602325581395352,23.14883720930232,0.23720930232558143,22.9125,23.2875,0.11249999999999999
ch20_URA7_URA8_002_hyperstack_crop_28,4,14,4,6,49,645.0,0.6535373831014637,1.999741370491167,3.6642778205866673,0.9728240642739191,3.010740437485204,2.0068866542709536,3.684630436956685,10.575943488613248,0.8235510353281741,0.5827539073885232,0.25285860697183754,0.5057172139436751,0.14768951361348207,xy,xy,3,4.218941384727869,0.40770202069892236,54.20217614151321,0.7301683748045151,55.22134559299924,459.99223835936897,3.488773009923354,0.0012733166723011807,51.58482611739359,2.7129367927887076,0.23888017873093798,0.028125089293786758,0.10894297328681392,0.026140366438817054,1.8571428571428572,3,0.6,0.0713893562047315,146.90207999093192,44435.0,171.0,20.733333333333334,26.03333333333333,0.03333333333333333,18.05625,25.59375,0.0375
ch20_URA7_URA8_002_hyperstack_crop_29,2,8,3,5,47,630.0,0.7187365986260931,0.9598251458315381,1.5682636945842796,0.25587551497565597,0.8495270959581865,1.0508933012493171,1.6601410028374775,6.798022919959837,0.5645398701718614,0.4575729438573674,0.26185164339690803,0.5237032867938161,0.2746699218499529,xy,yz,5,2.1677177620717822,19.839856054085377,25.500762809822344,61.52758018645736,86.34801252081282,297.6355940265336,-59.359862424385575,0.00029290400702683606,13.28112802269982,3.7554552157562786,0.7031965246479794,0.030990322334899283,0.10556186585571536,0.03313669786064797,2.75,4,0.8999999999999999,0.2376498800495279,153.96294593811035,25697.0,184.0,12.874999999999998,13.85,0.125,13.371428571428572,17.571428571428573,0.21428571428571427
ch20_URA7_URA8_002_hyperstack_crop_29,3,34,30,4,46,630.0,0.7423442429410708,3.3860508695481535,4.946748391110604,1.1433290766993156,4.204404148169533,3.8141054215049377,7.989060484483211,17.591132562159295,0.8017670335396885,0.624141042185911,0.45597796853804085,0.9119559370760817,0.14937084014938676,xy,xy,2,6.177483114358637,14.024278779577223,9.77431338305972,38.57379977129819,36.10805570346519,449.15858571292637,-32.396316656939554,0.002436548028855049,271.6280564724292,2.4980732402792762,0.07740312652843276,0.05180120103923214,0.15811773966257456,0.03826001780886329,3.6470588235294117,5,1.2,0.2899578828000838,158.1879855885225,849156.0,230.0,18.111111111111114,16.966666666666665,0.1222222222222222,16.448076923076925,18.819230769230767,0.3288461538461538
ch20_URA7_URA8_002_hyperstack_crop_30,3,6,5,36,49,195.0,0.6959313971932556,1.9147795134721575,2.811651027768436,0.7287504444256577,2.1157196305751804,1.9190222120573326,4.026849302283218,8.157323778153803,0.6908540033623232,0.47131391661705,0.3273015165624818,0.6546030331249636,0.20427102321023438,xy,xy,2,0.0,7.10082185766158,7.854318914507841,52.01651643841875,60.69055356635719,159.9509595861534,-52.01651643841875,-0.004051554781172465,24.161095813699312,3.684811104276113,0.598976548065738,0.06951349212378966,0.22263786644516237,0.08001724185389025,2.6666666666666665,4,0.8999999999999999,0.1839401973157825,151.96209971110025,32479.0,185.0,17.033333333333335,20.1,0.0,15.954545454545455,16.58181818181818,0.19090909090909092
ch20_URA7_URA8_002_hyperstack_crop_32,3,10,10,40,49,135.0,2.101008785265856,2.9949710755103482,3.8080657325405967,0.5405974254676245,1.7070569472747406,3.4296220670711994,6.232449268549147,15.59847033491435,0.7587488177809278,0.5992211065600788,0.45508484775097474,0.9101696955019495,0.15706767337812538,yz,yz,2,17.465611103924587,11.31345070233872,70.79180734689994,78.37786410365747,8.100536226423337,184.55182841812564,-60.912252999732885,0.004212888245516429,62.32449268549147,2.3930787166467655,0.3348823301226347,0.05293354536116246,0.12467314423676026,0.03536365294764088,4.9,5,1.2,0.4583438774746402,172.72235565185548,231140.0,235.0,14.065116279069766,15.03488372093023,0.35581395348837197,11.8125,14.228124999999999,0.3968749999999999
ch20_URA7_URA8_002_hyperstack_crop_32,4,5,4,26,36,150.0,1.012715863978565,1.5089998520809105,2.0974513701772786,0.3683859564749409,1.0847355061987136,1.6918462765101467,3.597075055864772,6.842557494393215,0.5803880045067001,0.5052260284597301,0.3688748803975117,0.7377497607950234,0.2492680785173093,xy,yz,3,12.614980162770864,4.676043737032365,49.306698268082535,84.97866870427897,41.10278358274234,127.80525948757392,-72.36368854150811,-0.00463715197804779,17.98537527932386,4.544184261277101,0.733927952501125,0.0432031998583828,0.08424250088562062,0.024555805879050072,3.2,4,0.8999999999999999,0.2615974025974025,163.1267852783203,39858.0,225.0,25.46590909090909,15.027272727272724,0.2522727272727272,20.942857142857143,14.599999999999998,0.15714285714285708
ch20_URA7_URA8_002_hyperstack_crop_33,6,31,17,11,49,570.0,0.868243142124461,2.6547789448219583,4.639708916120607,1.0212657557220908,3.7714657739961455,2.891340929795947,6.26099296387133,17.035561829289794,0.7145724020716913,0.4726606899879892,0.4387210333249866,0.8774420666499732,0.18318111015043867,xy,xy,6,7.519146697100832,1.2590619415656523,58.85380951373843,25.38441119043478,84.955372122281,611.5218043410046,-17.865264493333946,0.004105217766097133,194.09078188001124,2.984146104078708,0.10318542105710655,0.05422253818273034,0.13971179242817813,0.0335441716884946,3.4516129032258065,5,1.2,0.2917903094364534,159.78986087922127,557222.0,242.0,20.258823529411764,18.07058823529412,0.10588235294117647,17.350267379679146,18.65133689839572,0.4347593582887701
ch20_URA7_URA8_002_hyperstack_crop_35,3,20,6,8,42,510.0,0.8266232745633063,1.763788445915195,3.290435534029928,0.6956092971454567,2.4638122594666214,1.8826462016791434,3.347063146650659,9.456587742138808,0.7078594986330322,0.4891414978428024,0.301433343317037,0.602866686634074,0.19400674747696772,yz,xy,3,57.68994745145922,0.9320542799841477,29.03389759206069,42.639338923912234,61.33420873635342,517.4632781741442,15.050608527546984,0.0036975402085349346,66.94126293301318,3.5422865027864714,0.17649963764747587,0.03822388777739258,0.07941386684217619,0.02082762228917483,2.45,4,0.8999999999999999,0.17458631398304622,143.89025497436523,95764.0,184.0,19.3125,12.700000000000001,0.4749999999999999,17.94324324324324,15.948648648648646,0.1297297297297297
ch20_URA7_URA8_002_hyperstack_crop_36,1,19,14,1,23,330.0,0.6535373831014649,1.4704519476174505,4.02615430289997,0.6917858718809132,3.372616919798505,1.629671956233114,2.6073646569855944,9.821890941393919,0.5914171072766684,0.4338053251302026,0.3412032084120666,0.6824064168241332,0.2470468840289554,xy,xy,10,4.285037711775485,0.0,38.55237563767479,44.99999999999961,7.630418424426301,523.8729698722987,-40.71496228822412,-0.0011448645169561818,49.539928482726296,1.0136211741155468,0.055007804278612946,0.05862162793179166,0.1152768799687346,0.023762011450747945,3.736842105263158,5,1.2,0.3631403366011908,155.26052615517065,134675.0,202.0,20.87307692307692,12.634615384615383,0.14999999999999997,20.4375,13.537499999999998,0.0
ch20_URA7_URA8_002_hyperstack_crop_36,3,16,14,6,27,315.0,0.6666666666666643,1.1094662609090007,1.8284807011001099,0.3307094902062139,1.1618140344334456,1.2011694533122586,1.9108073396454324,3.8457395728982284,0.5615119476883773,0.4455459644475579,0.28678802665093495,0.5735760533018699,0.2674371551701838,xy,xy,2,15.498203754179878,0.0,37.04318213654464,82.98187826603677,46.385687352506984,442.34173817888677,-67.48367451185689,-0.00044067663934259436,30.572917434326918,7.197875607796106,0.5471851876544759,0.03527689944600556,0.06606088194579897,0.01566771576672488,2.6875,4,0.8999999999999999,0.18839333426430196,151.86917400360107,59910.0,192.0,22.585714285714285,17.24285714285714,0.14285714285714285,20.325,24.075,0.0
ch20_URA7_URA8_002_hyperstack_crop_37,3,13,4,14,49,525.0,0.7250739276052554,1.9950599765679233,3.4574838990978702,0.898194080600993,2.732409971492615,2.1879508361222784,3.9455677583478184,9.129182757274231,0.6650309471580508,0.43592606628129943,0.3876050520229569,0.7752101040459138,0.21273694945426813,xy,xy,2,3.5315693154477703,0.7562795425106107,18.59947369183808,14.291019025444374,33.18893213372129,455.6297374944455,-10.759449709996604,0.003858344617712913,51.29238085852164,1.8917852214766817,0.11752785076865112,0.05815938845098877,0.1107090697106642,0.028511074561957495,2.4615384615384617,4,0.8999999999999999,0.1558627800018682,164.3018305851863,114866.0,218.0,16.968749999999996,19.8375,0.13124999999999998,16.28041237113402,21.596907216494845,0.22886597938144332
ch20_URA7_URA8_002_hyperstack_crop_38,1,42,38,2,46,660.0,0.6952380952380954,2.1480624949084373,3.9012546014832603,0.807362761659191,3.206016506245165,2.455132121195131,4.133767654326045,12.734073622754854,0.7117442402011925,0.43113772455089827,0.3631168066208573,0.7262336132417146,0.19096516109555536,xy,xy,8,2.5741004368050127,4.712676512087074,11.372792983864725,41.629580684981825,53.6378374186991,1126.8203708183073,-39.05548024817681,0.0011334818960591964,173.61824148169387,0.3518022070701215,0.010071777740104551,0.053579874284769353,0.19341147845978537,0.04131532291410937,3.2142857142857144,5,1.2,0.26486866529023173,153.0993379865374,383936.0,276.0,11.775,15.150000000000004,0.17500000000000002,11.446153846153845,15.265384615384615,0.12692307692307692
ch20_URA7_URA8_002_hyperstack_crop_38,2,38,37,2,41,585.0,0.8328647326413117,1.6513678551405924,2.8001470316371644,0.2729200904179563,1.9672822989958527,1.926162290333928,2.903867387325564,6.401466595421806,0.5841956017533171,0.44310860045510475,0.3935034311595297,0.7870068623190594,0.2427946539137406,xy,xy,12,1.5847526202365048,6.524834438218775,86.08647590409937,39.308747595322004,46.9277619628796,514.9744796358541,-37.723994975085496,-0.0008750747629475093,110.34696071837143,2.0651521481628774,0.09455443548117828,0.03717213398781688,0.06887866309430041,0.014761465701038777,3.8684210526315788,5,1.2,0.32601106310236344,165.82257843017578,368266.0,302.0,26.08888888888889,16.477777777777778,0.13333333333333333,27.450000000000003,14.924999999999997,0.09999999999999999
ch20_URA7_URA8_002_hyperstack_crop_38,4,21,19,5,33,420.0,0.8789821823116768,1.190892226115971,1.6510872551067695,0.20681331954316046,0.7721050727950927,1.3189315350388904,2.4844412211022098,5.575658395514605,0.5055538929991465,0.4121511298639966,0.3457757602879042,0.6915515205758084,0.2921929544086551,xy,xy,11,16.534766715667278,4.266258245452644,61.17551297074811,70.31848796431828,44.08910455301247,1005.6128183783146,-53.783721248651005,-0.0010378686231845504,52.17326564314641,3.8579416161359292,0.2914185732054731,0.034248246700852594,0.06403516230831698,0.014973020200804439,3.380952380952381,4,0.8999999999999999,0.2780269401101001,158.42964971633185,118440.0,234.0,21.17027027027027,20.14864864864865,0.2837837837837837,18.27,22.68,0.03
ch20_URA7_URA8_002_hyperstack_crop_40,3,4,3,6,47,615.0,0.7542472332656509,1.5665049584112092,2.8285022751749254,0.7733630407250947,2.0742550419092742,1.793045997995858,2.9202088552574397,6.260308146941986,0.6734941260549735,0.5961586256768447,0.30625348071228087,0.6125069614245617,0.2183397922807212,xy,xy,0,0.20963909629372793,1.989733008189977e-14,35.560582993223775,45.00000000000023,9.441449441498971,27.99876069262261,-44.7903609037065,-0.0007285401906472706,11.680835421029759,1.4398260914269263,0.5360238203788986,0.042141439916608285,0.06980582607122637,0.029426457667325427,2.5,3,0.6,0.1837137330754352,149.70954132080078,25817.0,180.0,15.354545454545457,22.97727272727273,0.12272727272727271,14.299999999999999,21.999999999999996,0.2
ch20_URA7_URA8_002_hyperstack_crop_41,2,24,24,26,49,345.0,1.2146828627964763,2.8389765838419136,4.497943911064526,0.6788249290550911,3.28326104826805,3.2386984498135067,6.548005468474776,12.109025528300418,0.7111167129929138,0.5785564046221287,0.49704549060854125,0.9940909812170825,0.1816346226669369,xy,xy,0,22.273082774821198,2.146231742074584,36.81874584148878,26.369377971003814,67.7145697408389,462.90334979704954,-4.096295196182616,0.006394443955333691,157.15213124339462,2.070719287432979,0.12650415438714951,0.04744575322594928,0.10450635093240919,0.026129584526557698,4.041666666666667,5,1.2,0.3366842782310244,156.1007162729899,504026.0,207.0,15.75,17.2,0.25,17.34,18.519428571428573,0.38742857142857157
ch20_URA7_URA8_002_hyperstack_crop_44,2,9,6,3,32,435.0,1.3737802993248542,3.0466966566642655,4.311096060147444,0.8437763168233935,2.93731576082259,3.3663938476278834,11.129178277094967,25.480454000844137,0.7116349173647917,0.5038152974547908,0.5276745887886604,1.0553491775773207,0.18075605406329132,xy,xy,4,2.518664685564781,0.052756938955156985,29.720382119474973,1.7506301108800153,31.58845744784721,204.933662947868,0.7680345746847659,0.0012056004477981033,100.1626044938547,1.7209271150698389,0.146388435325883,0.08851065917260924,0.2143396817635652,0.07021856806244525,4.444444444444445,5,1.2,0.38489313430081523,176.18773566351996,253139.0,291.0,16.306250000000002,15.871875000000001,0.36250000000000004,15.019512195121951,14.729268292682924,0.3439024390243903
ch20_URA7_URA8_002_hyperstack_crop_45,1,29,26,19,48,435.0,1.092702213513044,2.558641452589987,4.528659449621165,0.8509513820064197,3.4359572361081216,2.8902740721296984,5.908589580370585,16.239604164757708,0.6671508821183919,0.4434660862774142,0.4806162920700445,0.961232584140089,0.20303081407587287,xy,xy,4,10.533342257506881,3.9731315930768107,38.2583931805529,20.30633297614647,59.20224983280176,368.227913527313,-9.77299071863959,-0.0030413157593090446,171.34909783074696,3.989067602176212,0.18867161314422265,0.047429846103559874,0.14063993440714484,0.0287293346624345,4.448275862068965,5,1.2,0.4441623380169244,189.18492547396957,781747.0,364.0,18.975609756097562,13.424390243902437,0.3317073170731707,18.717391304347824,17.399999999999995,0.13043478260869562
ch20_URA7_URA8_002_hyperstack_crop_45,2,12,12,6,17,165.0,1.425706263003129,2.9934906012753064,3.9354413985545045,0.6252740616804596,2.5097351355513755,3.312929454578804,8.00606626429193,15.755668007091636,0.751724937430518,0.6492805142458117,0.481779199597072,0.963558399194144,0.16374701356806934,xy,xy,2,5.664453077598521,1.2117032993684396,76.67220878340984,84.43176966191652,7.990688219829162,281.23684510347726,-78.767316584318,0.009059943472317302,96.07279517150316,2.503986252328281,0.3568630686211728,0.042525202496212194,0.09490343927213353,0.025100971924042505,3.3333333333333335,4,0.8999999999999999,0.23149551282771144,169.22414016723633,263533.0,213.0,14.686956521739129,13.173913043478262,0.11739130434782608,13.435074626865672,15.34029850746269,0.21492537313432844
ch20_URA7_URA8_002_hyperstack_crop_46,3,27,8,6,49,645.0,0.8387209424898763,2.3218044971353864,6.546380007726965,1.4491877002719664,5.707659065237088,2.455521722077942,5.0305630275354245,13.725674279554061,0.6689161874550806,0.4454607636228615,0.3974656631857562,0.7949313263715124,0.20750421600325739,xy,xy,11,18.88564009272399,11.622537165602095,62.48248639272575,34.412176556398784,33.8835794721721,1198.2952558391628,-15.526536463674795,-6.565471813083792e-05,135.82520174345646,4.291391961871369,0.10318014509528116,0.07294839348323695,0.2623568801953255,0.05483359879415321,3.4814814814814814,5,1.2,0.2892355710304788,147.10326639811197,256550.0,206.0,20.053846153846152,19.54615384615385,0.5538461538461539,17.141538461538463,16.412307692307692,0.2169230769230769
ch20_URA7_URA8_002_hyperstack_crop_47,3,9,4,3,29,390.0,0.7210622469846963,1.196096881935515,1.75138180117481,0.3704403080229428,1.0303195541901136,1.350960056172259,2.3669038200815136,5.875658395514628,0.5864892346471512,0.47866021425891764,0.3010024716502615,0.602004943300523,0.2579468873426387,xz,yz,4,16.909908687251587,14.872440648471215,3.4945783880567536,75.1275593515288,89.0978811109702,287.47602077176634,-58.217650664277215,-0.0008774474611904632,21.302134380733623,1.805683275541779,0.28391115035967357,0.02960109866670798,0.05471009172144771,0.01610863820318178,2.5555555555555554,3,0.6,0.16333694215186834,149.15667894151477,39195.0,205.0,19.393548387096775,17.322580645161292,0.23225806451612896,18.119999999999997,18.6,0.15
ch20_URA7_URA8_002_hyperstack_crop_47,4,24,16,6,49,645.0,0.8388507617010367,1.5985887393996336,2.643215010944641,0.4855826410804918,1.804364249243604,1.7578393278121573,2.8951628960294653,8.670086305881258,0.5949453479554233,0.4365369387026279,0.3695863444530049,0.7391726889060098,0.24613158703351737,xy,xy,14,14.063798079248754,4.836857607535009,28.161125923628664,8.620853108389833,22.168417787029174,875.2096905295995,5.442944970858921,-0.000309733167103762,69.48390950470717,3.8503811769607443,0.23186726408497224,0.03626979084350916,0.09779272664743517,0.022632887339306823,3.5,5,1.2,0.27864057664141,144.1759344736735,168836.0,194.0,20.572881355932207,24.096610169491523,0.26949152542372884,18.531818181818185,20.836363636363636,0.09545454545454546
ch20_URA7_URA8_002_hyperstack_crop_48,5,47,27,2,49,705.0,0.9987302868237492,2.9723778747466234,4.881095676216075,0.9663462786852932,3.882365389392326,3.368470494279483,6.059342910802539,16.36957387261654,0.7164999143719265,0.5025952267273325,0.4908070340126311,0.9816140680252622,0.17853169877566175,xy,xy,11,13.125009767857302,12.293052450627698,37.77461941407806,52.26749098023224,14.717546454249794,1601.2193878580374,-39.14248121237494,0.0007070965607531745,284.7891168077193,4.570525375014398,0.10634601759261261,0.060293740335874466,0.138743006122214,0.033859270001796414,4.617021276595745,5,1.2,0.42497398126836505,165.04670682866524,1182609.0,277.0,20.457446808510642,16.882978723404253,0.2808510638297872,16.455652173913045,19.08782608695652,0.3991304347826087
ch20_URA7_URA8_002_hyperstack_crop_49,2,10,5,3,13,150.0,0.7378647873726201,1.368920331751399,2.008672765501922,0.3240064394160164,1.270807978129302,1.4717128952873526,2.6858043815352444,4.232539737320629,0.5719677570945002,0.47740274455337267,0.33994788032126194,0.6798957606425239,0.2550478660556105,xz,xy,3,26.200592402943446,2.5144492540340113e-16,20.84300060149932,71.56505117707786,85.57948752858334,348.5181674404317,-45.36445877413442,-0.005193654487615631,26.858043815352442,1.5337160661754192,0.32195023670811335,0.034647381982345064,0.10458365269969902,0.02783171354883345,3.1,4,0.8999999999999999,0.23285031324489794,144.11831665039062,55039.0,174.0,19.482608695652175,18.178260869565214,0.3434782608695651,20.474999999999998,17.025,0.15
ch20_URA7_URA8_002_hyperstack_crop_51,3,40,18,6,49,645.0,0.6666666666666663,2.00872376076068,3.456340039383372,0.6504196159149456,2.789673372716706,2.2096235297673283,4.274371527865061,10.219651408390053,0.6764335157405602,0.5048716922961621,0.3816781884491912,0.7633563768983824,0.2009015777481123,xy,xz,5,3.3474928765307443,9.043591629087066,32.6741101292464,3.784560149520241,29.2793063176096,1259.1605521033553,-0.43706727298949666,-0.0008985571851272154,170.97486111460245,2.1974535468212104,0.0627022757894598,0.055870678413819805,0.19987065263886672,0.03618035892595197,2.95,5,1.2,0.20524420725114592,152.95124320983888,393015.0,224.0,18.804255319148933,15.373404255319146,0.1819148936170213,16.65164835164835,14.940659340659343,0.27032967032967026
ch20_URA7_URA8_002_hyperstack_crop_51,6,23,12,2,45,645.0,0.6648546803864331,1.6869586829545369,2.94493637809412,0.6444962895940025,2.2800816977076868,1.8162089363697578,3.737392252163198,7.688040300298513,0.64518761433743,0.4879153485880047,0.34636204699529005,0.6927240939905801,0.22519534761980609,xy,yz,5,0.6119969569263244,18.43494882292194,15.943271166295844,71.56505117707808,75.09531334522234,966.3693916902108,-70.95305422015176,-0.001979297132867214,85.96002179975356,0.9201171448969093,0.025257778721346023,0.09542287702990668,0.23155064064066544,0.07362105439067515,2.739130434782609,5,1.2,0.19983376283267495,152.6787288499915,177761.0,207.0,19.14590163934426,21.516393442622956,0.12295081967213113,19.95,21.959999999999997,0.18
ch20_URA7_URA8_002_hyperstack_crop_52,2,10,7,1,11,150.0,0.8239742739401046,2.240342442656265,4.353115924497325,1.1864322800708313,3.52914165055722,2.411201488676708,4.151858403271995,9.01670466558868,0.7321068954347149,0.5513913809218368,0.3392876628338792,0.6785753256677584,0.181345554187305,xy,yz,3,3.67238768065457,43.58221357332704,20.720394427203644,31.62376480049301,45.889076783848054,273.0821788044699,-27.95137711983844,-0.015188891414634573,41.51858403271995,0.7956639658642803,0.15660004923040072,0.03590158243118028,0.10924197577788901,0.027927246517601735,3.5,4,0.8999999999999999,0.2523705644187938,157.593505859375,70691.0,189.0,22.50606060606061,12.136363636363637,0.19090909090909097,21.7304347826087,12.169565217391304,0.3652173913043478
ch20_URA7_URA8_002_hyperstack_crop_52,3,26,24,6,34,420.0,0.9428090415820657,1.9229138179825835,3.361136642818115,0.5622635589053172,2.418327601236049,2.145852052019338,3.296396661272327,6.681454297352145,0.6807006165132395,0.44603833553500466,0.3645677627153673,0.7291355254307346,0.1974891475915833,xy,xy,2,27.772337086746795,2.0235271741041103,27.93459605206485,26.006116130856476,30.339709057632607,407.0398669541152,1.7662209558903186,-0.001885499016361482,85.7063131930805,2.591197641134217,0.14164045665036165,0.04495540114196772,0.11104226649387601,0.023244373941405518,3.1153846153846154,5,1.2,0.22364086768232785,145.94737243652344,224319.0,205.0,18.73285714285714,15.672857142857142,0.3599999999999998,21.166666666666668,16.5,0.03333333333333333
ch20_URA7_URA8_002_hyperstack_crop_55,7,19,9,16,49,495.0,0.6666666666666655,2.6319449581489125,5.157668434134938,1.2029661133366751,4.491001767468273,2.8543886929695774,5.7652040359279715,16.07895671450337,0.6663432304541823,0.4592677925943658,0.4523405997763349,0.9046811995526698,0.20341116313377738,xy,yz,8,3.1840647371982462,22.620889600419527,12.697667424242738,66.27048146552656,70.255492795585,542.2055790403851,-63.08641672832831,-4.846649658580523e-05,109.53887668263145,1.1667003650480812,0.059659404416671356,0.058858963986119055,0.1404629477996581,0.0416891922891937,3.736842105263158,5,1.2,0.30217048353131953,175.76181030273438,292448.0,285.0,14.544827586206894,18.817241379310346,0.041379310344827586,14.517647058823528,17.74313725490196,0.49607843137254903
ch20_URA7_URA8_002_hyperstack_crop_55,8,7,4,32,40,120.0,1.0322982162875323,2.4455562348764404,4.701016385282614,1.1141496856505035,3.6687181689950816,2.584268422529721,5.749525452467842,18.47053458820873,0.697039341933684,0.5251547649438959,0.4060646199417495,0.812129239883499,0.18959242853669972,xy,xy,2,2.211542790298808,12.316555648422815,7.58515399397891,21.914357504181822,17.8608471621079,151.3251081825987,-19.702814713883015,0.008009217477987485,40.246678167274894,0.6018233554154995,0.08921315372383903,0.06206424916604847,0.13004634270806942,0.035639598975972256,3.5714285714285716,4,0.8999999999999999,0.24749832236193084,162.7276611328125,87873.0,207.0,13.322727272727274,22.268181818181816,0.14999999999999997,12.880645161290321,22.659677419354832,0.2661290322580645
ch20_URA7_URA8_002_hyperstack_crop_57,1,17,17,33,49,240.0,0.7842118745184293,2.0034259910699435,2.785929646632599,0.5010396986013822,2.0017177721141697,2.220632415707494,3.9041507442505234,15.070331059825337,0.659252828421172,0.4648848301110544,0.410291203567851,0.820582407135702,0.2113447000657168,xy,xy,0,10.02838172357587,7.796213003169326,59.033422150826,66.57938128678165,50.98316481620602,334.2076245532698,-56.550999563205785,0.0035220094596221533,66.3705626522589,0.5802902828516128,0.0566005193505569,0.04271826842388499,0.0891253963682569,0.02112079091163828,2.7058823529411766,4,0.8999999999999999,0.16966675396572342,145.64680660472197,160809.0,176.0,18.21428571428571,21.085714285714285,0.21428571428571427,18.147058823529413,21.658823529411762,0.15294117647058822
ch20_URA7_URA8_002_hyperstack_crop_57,4,29,16,17,49,480.0,0.8137251230011857,1.8066552705026662,3.713942722870202,0.712093631292539,2.9002175998690163,2.004487248103084,3.44170856469574,8.914589568436416,0.5938995670565831,0.4388974746340941,0.40163844246389824,0.8032768849277965,0.2397413891318772,xy,xy,10,3.335587135121015,11.1191099723885,35.70795354019415,20.88801069785153,16.319549603937947,1126.887265792021,-17.552423562730517,-0.0017195286886048076,99.80954837617647,0.9751093415085352,0.040225351727236826,0.052953440800948014,0.13354867787536115,0.027225090470550686,3.586206896551724,5,1.2,0.27578096311665135,150.58935915190597,311211.0,255.0,19.193877551020407,26.6265306122449,0.14693877551020407,18.488372093023255,25.960465116279064,0.2441860465116279
ch20_URA7_URA8_002_hyperstack_crop_58,2,8,4,4,14,150.0,0.6995503864355568,1.6512653910986503,2.2608186044568277,0.422109596056403,1.561268218021271,1.7518765360281792,3.223270194915007,5.056436408007621,0.6047641627274967,0.4476359625577209,0.37690203593590804,0.7538040718718161,0.2374458839638705,xy,xy,4,1.431390201784036,6.49316130056787,22.29910918433984,80.79741019644118,61.55449593745628,263.61175585986143,-79.36601999465714,-0.010408454786808474,25.786161559320057,0.8671347393859864,0.07604511305314922,0.09138640616975668,0.28258105366424624,0.07959154933895976,3.875,5,1.2,0.4676819204616916,145.7980136871338,62963.0,181.0,8.0875,13.040625,0.32187499999999997,8.28,12.329999999999998,0.78
ch20_URA7_URA8_002_hyperstack_crop_59,3,24,24,26,49,345.0,1.6051215680276083,2.7045328553517987,3.4185554317190014,0.5740432556811292,1.8134338636913931,3.1521435008801695,4.988550644537123,9.499297912517367,0.7172855826792919,0.5220193454524003,0.46391786713791805,0.9278357342758361,0.17686890559650104,xy,xy,2,6.850185226110826,10.731077604789958,8.424996883434522,55.62482366471022,48.19789701307869,411.1341317323069,-48.774638438599396,0.00352417402428319,119.72521546889095,1.3331901380446989,0.07485862661095523,0.05162156207850795,0.11709344425800518,0.024874481370678866,4.416666666666667,5,1.2,0.36765995288232767,173.0259812672933,529925.0,257.0,18.17142857142857,19.02857142857143,0.04285714285714286,17.123622047244098,18.269291338582672,0.36377952755905524
ch20_URA7_URA8_002_hyperstack_crop_61,1,10,4,2,13,165.0,1.0284417698834292,1.4418492725540195,1.84065068117213,0.3225917274044216,0.8122089112887008,1.9037080043420147,3.612468009521394,10.071369487461268,0.7334568707751664,0.6507255112485104,0.2732249758277348,0.5464499516554696,0.19178286211842713,xy,xy,4,3.980623034299577,0.02670546500849731,38.17344375226362,27.807537350342372,66.15328971303586,229.2052691463408,-23.826914316042796,-0.00033558693220179234,36.12468009521394,0.8391975617612395,0.23828752046473864,0.02247004816106041,0.03253256731659143,0.008431430995027566,1.8,2,0.3,0.05610052185770379,145.40851440429688,32868.0,185.0,26.03333333333333,13.950000000000001,0.09166666666666663,25.707692307692305,13.176923076923078,0.11538461538461536
ch20_URA7_URA8_002_hyperstack_crop_61,6,3,3,33,35,30.0,0.6535373831014667,0.8453343035093671,1.0217749319222285,0.15072399691325067,0.36823754882076176,0.8308410162621612,1.7702825146763173,2.7670755792641644,0.6264736413537365,0.5222685470873193,0.20933555354552666,0.4186711070910533,0.24272596705145144,xz,xy,1,4.727496891971615,0.0,4.3583481459812505,18.43494882292201,23.267352085521036,97.82419413654277,-13.707451930950395,-0.012274584960692059,5.3108475440289515,0.557840116492058,0.676539606952501,0.02748496962874899,0.031991688671345844,0.004506719042596854,1.6666666666666667,2,0.3,0.07789473684210525,157.78246053059897,5280.0,184.0,17.47894736842105,23.368421052631575,0.17368421052631575,17.34,23.880000000000003,0.0
