video,filament_id,observations,first_frame,last_frame,lifetime_min,mean_length_um,max_length_um,mean_span_length_um,mean_arc_length_um,length_change_rate_um_per_min,arc_trajectory_um,net_displacement_um,directionality,mean_speed_um_per_min,max_speed_um_per_min,speed_std_um_per_min,mean_z_plane_count,max_z_plane_count,z_spread_um,z_center_um,mean_intensity,sum_intensity,max_intensity,start_x_um,start_y_um,start_z_um,end_x_um,end_y_um,end_z_um
ch20_URA7_URA8_001_hyperstack_crop_01,5,18,6,35,435.0,1.2169117741621642,1.9034934577748177,1.2812551111799642,2.231162902128637,0.0008632376922327463,40.16093223831547,0.742005005759013,0.06601003109291001,0.03962312019212295,0.0739706401135361,0.018052041637814504,2.7222222222222223,4,0.8999999999999999,0.19873265154205735,135.8115988837348,72508.0,165.0,22.44,24.119999999999997,0.0,21.842857142857138,23.714285714285715,0.17142857142857137
ch20_URA7_URA8_001_hyperstack_crop_02,1,43,3,49,690.0,3.4036509676363607,6.647334924290843,3.772752368454335,7.758556914584619,0.007164298652989677,333.6179473271386,4.102550443186394,0.10751587882069538,0.05770632955771457,0.36185484357375924,0.059629305606403615,4.0,5,1.2,0.3121028897670326,171.7457495401072,958561.0,230.0,20.699999999999996,16.5,0.0,16.924999999999997,14.916666666666666,0.2708333333333333
ch20_URA7_URA8_001_hyperstack_crop_03,3,5,45,49,60.0,2.599509779967253,3.5857086915705016,2.8331144174005196,5.796640471638404,-0.04083657661535023,28.98320235819202,2.956372030259618,0.8443558351004252,0.05835557133934327,0.10612286385270761,0.030564959125442784,3.4,4,0.8999999999999999,0.24711016215383935,154.16278991699218,55977.0,188.0,14.547945205479452,15.735616438356162,0.2013698630136986,16.049999999999997,13.189285714285713,0.21428571428571422
ch20_URA7_URA8_001_hyperstack_crop_03,5,15,5,49,660.0,2.682410952675005,4.448385439620648,2.8928703313322774,5.444096517924221,0.003284283246769912,81.66144776886331,1.7814712171524212,0.09699941804982153,0.050267103559890614,0.12203548418995804,0.030696961442154773,3.533333333333333,5,1.2,0.2976825899161367,152.40951538085938,169096.0,194.0,23.27,15.659999999999998,0.10999999999999997,24.380124223602483,14.312422360248446,0.4639751552795031
ch20_URA7_URA8_001_hyperstack_crop_04,8,19,2,32,450.0,1.4814086526780472,2.485822337038137,1.5785070996139454,2.6192050322195763,-0.00023930266155266721,49.76489561217195,0.8484322472104122,0.04876175387331205,0.053508687605264546,0.11756330480438112,0.03362925289256921,3.1578947368421053,5,1.2,0.4600080269934272,141.00295297723068,94666.0,173.0,19.661538461538463,25.338461538461537,0.023076923076923075,18.95,25.799999999999997,0.0
ch20_URA7_URA8_001_hyperstack_crop_05,1,13,37,49,180.0,2.4495970648502925,3.704544880528334,2.644835692672022,5.371027063917048,-0.003344655934197026,69.82335183092162,1.9349780735823527,0.24838435178674043,0.04327920865078622,0.09790744714418734,0.022178194157762704,3.5384615384615383,5,1.2,0.25660508668798365,136.6317842923678,123871.0,164.0,19.91739130434783,21.56086956521739,0.10434782608695652,19.944230769230767,19.626923076923074,0.16153846153846152
ch20_URA7_URA8_001_hyperstack_crop_06,4,2,5,13,120.0,2.549850612596619,4.155542339839495,2.6143281858658347,3.4419606547291597,-0.026761528787381268,6.883921309458319,2.3148312346627784,1.0,0.019290260288856487,0.019290260288856487,0.0,2.5,3,0.6,0.11907692307692305,153.9000015258789,5847.0,171.0,14.184000000000001,13.871999999999998,0.19199999999999995,15.876923076923077,12.3,0.04615384615384615
ch20_URA7_URA8_001_hyperstack_crop_08,1,9,41,49,120.0,2.5777374322918014,3.9220360800827985,2.7867143462824533,4.5492220551987455,0.016358321976077925,40.94299849678871,1.6193925843811607,0.21068848448670946,0.06405161742016147,0.1440052082391469,0.044642100254086485,2.6666666666666665,4,0.8999999999999999,0.17725823003773314,153.24387783474393,56292.0,180.0,17.82,15.36,0.12,18.05546218487395,16.9563025210084,0.2571428571428572
ch20_URA7_URA8_001_hyperstack_crop_08,4,6,34,48,210.0,1.9643538100307865,3.150826116217042,1.9476020729304124,3.3802571048269296,-0.005570647399443439,20.281542628961578,2.062506400732179,0.36368329744207023,0.0326490499951377,0.052676348412127046,0.012071748038205316,2.1666666666666665,3,0.6,0.14726143421795593,147.9850336710612,19545.0,181.0,18.78,24.78,0.08571428571428569,17.721428571428568,26.549999999999994,0.10714285714285714
ch20_URA7_URA8_001_hyperstack_crop_09,1,16,31,49,270.0,2.9517161568547636,3.775491072110677,3.395845964780145,5.5525619067489345,0.008179270933908779,88.84099050798295,1.028571512962458,0.1033405470914489,0.038205954798496304,0.07829806302348968,0.021384914171161146,4.0625,5,1.2,0.3561177121907279,168.09235763549805,345199.0,246.0,19.799999999999997,18.45,0.0,19.090434782608693,19.106086956521736,0.3521739130434782
ch20_URA7_URA8_001_hyperstack_crop_09,4,3,46,48,30.0,1.1158030491001096,1.9754611688649462,1.0741961206328536,1.4787192294387987,0.0423393285698744,4.4361576883163965,0.49203658400570754,0.7410928444742888,0.022131126469709068,0.03826225293941825,0.01613112646970918,2.0,2,0.3,0.15,161.78888956705728,3361.0,192.0,19.44,21.659999999999997,0.12,19.109999999999996,22.02,0.18
ch20_URA7_URA8_001_hyperstack_crop_10,2,21,26,49,345.0,2.333219615176062,3.6099363703235374,2.896140962008602,5.160680757559822,0.0005411312466940853,108.37429590875627,0.523073806482763,0.021061512741429547,0.0720064469075942,0.2968281130509791,0.05825304279296495,4.142857142857143,5,1.2,0.3880119523603786,174.43786403111048,387598.0,280.0,15.10869565217391,19.356521739130432,0.41304347826086946,15.19342105263158,18.840789473684207,0.4342105263157895
ch20_URA7_URA8_001_hyperstack_crop_11,3,2,27,45,270.0,2.651570346825555,3.922796359681773,2.6368863296697893,8.770002483378937,-0.009416488984120135,17.540004966757873,0.7982973375007122,1.0,0.0029566568055581933,0.0029566568055581933,0.0,2.0,2,0.3,0.13235955056179777,162.15355682373047,19089.0,191.0,19.38539325842697,17.45056179775281,0.12471910112359552,18.87,18.06,0.13999999999999999
ch20_URA7_URA8_001_hyperstack_crop_11,4,5,3,49,690.0,2.3980958798012644,3.4423048264036953,2.469961379136488,4.858828450578672,0.0007513435373365819,24.29414225289336,0.26132791368655856,0.08421386578275031,0.014964582312609283,0.02341718655603721,0.009191061364260712,1.8,2,0.3,0.08541025641025642,165.91277770996095,26984.0,199.0,20.56153846153846,21.63230769230769,0.1430769230769231,20.30555555555555,21.677777777777788,0.11666666666666664
ch20_URA7_URA8_001_hyperstack_crop_12,2,5,30,34,60.0,2.6593385629831032,3.8237387051286533,3.2669953085117953,8.889100867352514,0.029473099082934322,44.445504336762575,2.3238052839539733,0.7153095282197114,0.054144515818616894,0.07366884722902597,0.01831448291524935,4.2,5,1.2,0.4239318535694682,150.71104736328124,103522.0,190.0,18.18333333333333,15.70833333333333,0.22499999999999995,19.907999999999998,14.192571428571434,0.582857142857143
ch20_URA7_URA8_001_hyperstack_crop_13,1,35,8,42,510.0,2.622367472417579,5.797854775349134,2.9250370669155257,5.662452542599189,-0.0027610224083119968,198.1858389909716,4.276047066204568,0.12183216122801464,0.06881931607922484,0.2041615658499076,0.042188350319328584,4.3428571428571425,5,1.2,0.3785545353066652,178.71269095284597,727865.0,321.0,19.069090909090907,11.269090909090908,0.22363636363636358,18.36,15.479999999999999,0.0
ch20_URA7_URA8_001_hyperstack_crop_15,2,17,31,47,240.0,3.0809168331481205,5.050844652506575,3.4953332178754364,5.590125683169238,0.007035682159070274,95.03213661387704,1.9187225870576217,0.16163488094500525,0.04946133779622444,0.09797820100040024,0.027541722514705845,4.764705882352941,5,1.2,0.45203098173529394,159.03995199764475,423120.0,213.0,17.635714285714286,18.27857142857143,0.02142857142857143,17.42844827586207,20.14137931034483,0.431896551724138
ch20_URA7_URA8_001_hyperstack_crop_16,2,21,8,49,615.0,1.5139662364341189,2.655257922465198,1.6231764167907388,2.699383497244596,0.0019611820264908786,56.68705344213651,2.451422714452107,0.15690136912669936,0.03057444931654918,0.06898336375756572,0.017541803707184386,3.857142857142857,5,1.2,0.5123871382851432,152.58683558872767,133632.0,182.0,12.326086956521738,7.943478260869566,0.4565217391304347,12.038888888888888,10.377777777777778,0.4222222222222221
ch20_URA7_URA8_001_hyperstack_crop_16,3,39,3,47,660.0,1.7384664455651175,4.867970083335769,2.0190500263211604,3.0537065093379843,3.3735833578659015e-05,119.09455386418138,1.1545376316331744,0.018601754871720177,0.0993414385405298,0.38697982743767123,0.08789264725625472,4.051282051282051,5,1.2,0.3927223207742826,172.3111036251753,482831.0,289.0,17.280000000000005,17.48,0.2699999999999999,17.297142857142852,18.625714285714285,0.12857142857142856
ch20_URA7_URA8_001_hyperstack_crop_17,2,24,4,48,660.0,1.3292564327227478,3.331156135227473,1.5973922618312135,2.6615356132851775,-0.0004092296187867495,63.87685471884426,0.8275239684549004,0.03108092515693922,0.05931824258280198,0.15137693784319228,0.041412372476140755,3.0833333333333335,5,1.2,0.3590522839232795,142.928804397583,99391.0,185.0,19.392857142857142,16.842857142857145,0.04285714285714286,20.2,16.75,0.19999999999999998
ch20_URA7_URA8_001_hyperstack_crop_17,4,8,5,13,120.0,1.4372135295572315,2.365337948495463,1.5458675743846242,2.5278848557482916,-0.009947640997242423,20.223078845986333,1.891461491948077,0.31922166180498446,0.05213624134417041,0.10077336784072649,0.028734407672464664,3.375,4,0.8999999999999999,0.23536431054935722,145.98746871948242,50430.0,181.0,19.65254237288136,23.272881355932203,0.14237288135593218,18.155172413793103,22.117241379310343,0.14482758620689654
ch20_URA7_URA8_001_hyperstack_crop_17,5,9,14,32,270.0,1.4663867133875137,2.19996205257001,1.543760994182175,2.4555204569823386,-0.0010189443243266835,22.099684112841047,0.602222313137132,0.07872796992953042,0.04247837252714294,0.07440770973685856,0.024856133087439444,2.5555555555555554,3,0.6,0.17044540887142076,139.2917734781901,49335.0,167.0,19.15813953488372,22.674418604651162,0.21627906976744182,18.7,23.0,0.0
ch20_URA7_URA8_001_hyperstack_crop_19,2,43,4,49,675.0,2.8531745741570926,5.623693379029026,3.175206340432981,5.880497147936457,-0.00497474385642849,252.86137736126764,3.600585330901869,0.1163545778661897,0.04616537157667685,0.11015255431306455,0.02615797749803633,3.744186046511628,5,1.2,0.30759276593675716,160.55822115166242,813913.0,269.0,23.07254901960784,14.729411764705882,0.2901960784313726,21.299999999999997,17.849999999999998,0.0
ch20_URA7_URA8_001_hyperstack_crop_20,4,30,5,49,660.0,2.132652496935879,4.030968469661129,2.271674044052426,4.829795425923271,0.0010380247067375763,144.89386277769813,1.8636209144812035,0.06883888845234422,0.046130264004268964,0.12115359569831821,0.027829558747500583,2.7666666666666666,4,1.2,0.18252590383043105,150.52004750569662,225797.0,195.0,20.16206896551724,24.444827586206895,0.12413793103448272,19.282978723404256,22.81914893617021,0.3638297872340425
ch20_URA7_URA8_001_hyperstack_crop_21,4,25,14,47,495.0,1.9323023258605918,3.40923800535273,2.1409366918458357,4.217847112342124,0.000552484482389946,105.4461778085531,2.3550477702161383,0.10661084215892827,0.04347164976104445,0.09676505422973809,0.02004660851619191,3.32,5,1.2,0.25313822413535014,147.86626403808594,188177.0,181.0,20.625,21.674999999999997,0.0,19.057142857142853,23.428571428571423,0.11428571428571428
ch20_URA7_URA8_001_hyperstack_crop_22,1,3,0,42,630.0,2.864257396206295,3.1025332165251607,3.2975551188114323,5.679621183764504,-0.0009189298240896311,17.038863551293513,0.9855432057899406,0.9957563262606157,0.001953260379945344,0.0025707236766041447,0.0006174632966588009,5.0,5,1.2,0.5236382435694408,167.48895263671875,121571.0,260.0,19.01038575667656,13.960237388724037,0.63026706231454,18.665625,13.051874999999999,0.465
ch20_URA7_URA8_001_hyperstack_crop_23,1,8,4,23,285.0,3.631760506419924,6.28452677967485,3.9888444990851757,6.893651584487506,-0.005399965946976829,55.149212675900046,3.076285759938442,0.2898638472192236,0.06989351505670435,0.12802901598409241,0.0347185684058789,4.125,5,1.2,0.34899391771747645,192.7899627685547,251440.0,345.0,15.417391304347827,11.152173913043478,0.13043478260869562,17.907692307692308,9.346153846153845,0.11538461538461539
ch20_URA7_URA8_001_hyperstack_crop_23,6,8,29,49,300.0,2.264906475129626,3.4103536524224607,2.383569561882355,4.911892388567793,-0.0004891243330659046,39.295139108542344,1.353450072377711,0.17234048607125155,0.03820738329052757,0.07161142730552046,0.018376089365147473,2.75,4,0.8999999999999999,0.19438797112989747,169.39480018615723,76835.0,256.0,18.308823529411764,24.67941176470588,0.10588235294117646,18.978688524590165,23.522950819672133,0.31967213114754095
ch20_URA7_URA8_001_hyperstack_crop_24,3,28,6,49,645.0,2.16031445204576,4.370398230149126,2.3645188742223437,4.30987262041026,-0.0017480609259923278,120.67643337148729,0.6160266949482724,0.028133007043819217,0.040593041017230276,0.11324127779522179,0.024394037731441963,2.9642857142857144,5,1.2,0.1999820668521415,140.88846915108817,224813.0,175.0,20.5,16.866666666666667,0.25,19.939999999999998,16.61,0.24666666666666662
ch20_URA7_URA8_001_hyperstack_crop_25,3,4,11,47,540.0,2.6224353181813944,4.1968468286366125,2.8692835224121156,4.911388692405408,-0.004310430769834654,19.645554769621633,2.6384137522437445,0.4693167034261509,0.01418345239399065,0.031388334135664164,0.012438191447863218,2.25,3,0.6,0.14069464201043147,150.73777770996094,29229.0,176.0,19.566666666666666,17.07777777777778,0.13333333333333333,17.055405405405406,17.882432432432427,0.2189189189189189
ch20_URA7_URA8_001_hyperstack_crop_26,2,3,8,48,600.0,1.4969399585600751,2.2610006293925067,1.6471741585058328,3.7771005347556788,2.9170940290319524e-05,11.331301604267036,6.646338960964543,0.837235245737719,0.051573101036868824,0.09193349396721211,0.04036039293034328,2.6666666666666665,4,0.8999999999999999,0.19598997493734335,176.70008341471353,24276.0,220.0,18.97894736842105,13.484210526315792,0.1105263157894737,18.514285714285716,20.114285714285714,0.11428571428571428
ch20_URA7_URA8_001_hyperstack_crop_28,3,2,11,19,120.0,3.363497021174086,3.7640794651932707,3.300414817770325,5.062049097495067,-0.006676374066986405,10.124098194990134,3.137399697122463,1.0,0.026144997476020525,0.026144997476020525,0.0,2.0,2,0.3,0.10090909090909089,172.14393615722656,7394.0,192.0,19.949999999999996,17.46,0.12,17.409090909090907,19.3,0.0818181818181818
ch20_URA7_URA8_001_hyperstack_crop_28,4,7,12,46,510.0,2.71969589126419,3.96377876883464,2.9331984618318576,6.001420959950671,-0.0038420732229597883,42.0099467196547,1.1416725504320375,0.14204127996757415,0.03811248403468114,0.08398119129133529,0.033252706945610076,2.857142857142857,4,0.8999999999999999,0.2149819381328339,164.23091561453683,64258.0,196.0,18.578048780487805,23.963414634146343,0.07317073170731707,18.814285714285713,25.071428571428566,0.21428571428571427
ch20_URA7_URA8_001_hyperstack_crop_29,3,27,5,31,390.0,2.685538396138589,4.35325133256415,3.042642707374238,5.475864307231782,0.0015751455286038894,147.84833629525812,1.375480638799632,0.05948242084691483,0.05929270165207972,0.1252153752205779,0.02706281602301372,3.7777777777777777,5,1.2,0.30368440688126036,156.2829273365162,403467.0,225.0,19.53272727272727,14.514545454545454,0.22363636363636358,20.15753424657534,15.73972602739726,0.2013698630136986
ch20_URA7_URA8_001_hyperstack_crop_30,1,18,32,49,255.0,2.6982158560512284,4.1872574487816046,3.0534540131111703,5.356666103307266,0.00453569615288829,96.41998985953079,3.083220139744384,0.15619808507343472,0.07740849937988763,0.1925778935170287,0.04424719856119623,4.555555555555555,5,1.2,0.39560935990096735,178.38492499457465,397457.0,303.0,21.436666666666667,11.826666666666668,0.45000000000000007,19.366981132075473,14.10566037735849,0.280188679245283
ch20_URA7_URA8_001_hyperstack_crop_30,2,7,20,49,435.0,3.4226941335957113,6.5439292095308605,4.012688751711404,5.387922586698676,0.012090003798005074,37.71545810689073,2.4241747611651956,0.20142110456419168,0.06696988285192106,0.11615971047629087,0.04082000062510998,3.857142857142857,5,1.2,0.4163430773006563,159.8282012939453,62363.0,205.0,10.961538461538462,11.884615384615385,0.46153846153846156,12.281739130434783,13.917391304347827,0.42260869565217396
ch20_URA7_URA8_001_hyperstack_crop_31,2,2,3,25,330.0,0.7483404252119652,0.8300141837572622,0.7883266481579208,1.5147519228586694,-0.0004949924760321031,3.029503845717339,1.2566920863918876,1.0,0.0038081578375511746,0.0038081578375511746,0.0,2.5,3,0.6,0.23249999999999998,165.2624969482422,4644.0,187.0,16.545,16.845000000000002,0.24,17.7,16.35,0.22499999999999998
ch20_URA7_URA8_001_hyperstack_crop_31,4,3,19,26,105.0,1.4486556969432278,2.1999060776628943,1.6317794545719508,3.9027054133046852,-0.013225389177972982,11.708116239914055,0.9925497982674809,0.8717787236412389,0.026633191915589462,0.048739206026376984,0.022106014110787522,2.0,3,0.6,0.11238095238095236,146.61428833007812,12903.0,174.0,19.189999999999998,26.77,0.17999999999999997,18.21428571428571,26.74285714285714,0.0
ch20_URA7_URA8_001_hyperstack_crop_32,1,43,5,49,660.0,2.9920433074968216,5.511871912498004,3.3945805518092333,8.264495831872898,-0.0017813947439748001,355.3733207705346,2.17895728253844,0.06043036262507697,0.05699561396310885,0.21393522043267202,0.04440196875834746,4.255813953488372,5,1.2,0.3721749026387769,166.52059262297874,946620.0,278.0,20.73939393939394,15.766666666666667,0.2515151515151516,18.750731707317073,16.602439024390243,0.5590243902439024
ch20_URA7_URA8_001_hyperstack_crop_33,2,3,43,49,90.0,1.2552134532535548,1.9219743351063634,1.3219001963330668,2.6293552695628484,0.002811222525616317,7.888065808688545,1.4080524163335875,0.4808884584647559,0.04072978074227052,0.053024070272082155,0.012294289529811632,2.0,2,0.3,0.0851190476190476,143.37169392903647,6421.0,158.0,18.1125,15.5625,0.0375,17.82857142857143,16.939285714285713,0.11785714285714281
ch20_URA7_URA8_001_hyperstack_crop_33,4,11,18,46,420.0,1.3774667356659214,3.320610327717822,1.4166964489071863,2.491715081745625,-0.00046010039861531303,27.408865899201874,2.516707298237124,0.17734684134480996,0.055422869255710924,0.16434968075413928,0.04511328283995464,2.090909090909091,3,0.6,0.11165773015699286,145.4280145818537,31308.0,167.0,19.5,24.768749999999997,0.09375,18.380000000000003,27.02,0.2
ch20_URA7_URA8_001_hyperstack_crop_34,3,36,3,40,555.0,1.5565384573149403,2.036773364816785,1.7389302074672544,2.5090060275318673,-0.0010905336090532075,90.32421699114722,3.720526044739751,0.10914518997015198,0.05992033636088954,0.2138310818753058,0.03924854752554108,3.4722222222222223,5,1.2,0.2768172982618435,153.01386091444226,294102.0,253.0,20.863636363636363,17.89090909090909,0.0,17.26363636363636,16.98181818181818,0.23636363636363633
ch20_URA7_URA8_001_hyperstack_crop_34,4,16,3,49,690.0,2.080038695186728,4.014764164030867,2.521841546224156,5.4291620759260475,0.0003418081873475666,86.86659321481676,3.65179592897451,0.2030506995485863,0.048698430931999916,0.13211207277627088,0.03196155257687029,3.1875,5,1.2,0.24188330477219114,141.4190549850464,139044.0,191.0,21.207692307692312,25.615384615384617,0.11538461538461539,17.56595744680851,25.851063829787226,0.24893617021276596
ch20_URA7_URA8_001_hyperstack_crop_35,3,16,20,39,285.0,2.1442675305336674,3.716249825765799,2.372969748131456,4.1835655926545945,0.0015563643541202828,66.93704948247351,5.750784712460879,0.21377344305210277,0.11238118286211453,0.30963938052349366,0.08663006818701433,3.6875,5,1.2,0.319275107253229,152.03229522705078,181412.0,227.0,19.213043478260865,16.539130434782606,0.3260869565217391,21.804000000000002,21.671999999999997,0.21599999999999997
ch20_URA7_URA8_001_hyperstack_crop_36,3,9,3,26,345.0,1.1104539896615588,1.574226880012938,1.1755635480224311,1.789113454477685,0.00048693984227281517,16.102021090299164,4.687335303229115,0.4311568801278974,0.03750043902060575,0.11962128605546057,0.03324191469495323,2.4444444444444446,3,0.6,0.2129666146653029,144.8137936062283,29412.0,174.0,15.75,15.24,0.42000000000000004,19.32857142857143,18.25714285714286,0.17142857142857143
ch20_URA7_URA8_001_hyperstack_crop_36,4,39,2,46,660.0,1.8168294859336116,4.179823398502276,2.031980679406123,3.6603515228673698,-0.0027798235060785548,142.7537093918274,3.049658450821441,0.125503656551715,0.038399576040333096,0.09026066809244229,0.020404042480397046,3.1538461538461537,4,0.8999999999999999,0.22864871690402794,140.16088280310998,252682.0,180.0,17.65,22.125000000000004,0.14166666666666666,17.866666666666667,25.166666666666664,0.09999999999999999
ch20_URA7_URA8_001_hyperstack_crop_37,3,29,17,49,480.0,1.490315906905027,2.6428804755470106,1.6220637151388413,2.617406661516126,-0.0007023389536217376,75.90479318396766,1.8631042763030476,0.07291044548998996,0.05450013805478966,0.12388916012860131,0.029361662059364392,3.5172413793103448,5,1.2,0.3092501885412341,135.81190648572198,165533.0,169.0,22.044230769230772,19.47692307692308,0.1961538461538461,22.575,17.7,0.375
ch20_URA7_URA8_001_hyperstack_crop_40,4,11,2,42,600.0,1.0025139862473216,3.4821647254344845,0.9941586849569313,1.7522023776768365,-0.00041430299706869623,19.274226154445202,3.0944840038365076,0.22332575981160602,0.04721452748897766,0.12994686710961909,0.0357157364811608,1.8181818181818181,2,0.3,0.06635330578512395,139.7261824174361,17768.0,157.0,19.575,26.25,0.0375,19.740000000000002,23.159999999999997,0.06
ch20_URA7_URA8_001_hyperstack_crop_41,4,34,2,35,495.0,2.2550052431812295,3.6873537351976466,2.534351620115447,4.232122872043597,-0.00021763753505763854,143.89217764948228,0.987192174150069,0.05225265631824653,0.03816700939372491,0.07548321032304729,0.01634868175098937,3.7058823529411766,5,1.2,0.2745247883904774,141.58875005385454,343294.0,176.0,19.827272727272728,26.11704545454546,0.28295454545454546,19.482608695652175,27.039130434782606,0.208695652173913
ch20_URA7_URA8_001_hyperstack_crop_42,1,15,35,49,210.0,2.2118574573936374,2.7382535745347347,2.506298587280668,4.372183656799633,0.0042786627334674915,65.5827548519945,1.8981207676163385,0.19605302044027137,0.04610319342025256,0.08356596873085032,0.019828033613019498,4.533333333333333,5,1.2,0.4192237605417317,149.7288787841797,237257.0,206.0,23.935714285714283,21.47142857142858,0.08571428571428572,24.900000000000002,19.86455696202531,0.38734177215189863
ch20_URA7_URA8_001_hyperstack_crop_42,4,3,18,25,105.0,2.1015299774471856,3.1293641369876886,2.146593436467344,3.58533387395083,-0.023591489688222965,10.756001621852489,1.9354231255069727,0.8919974676064449,0.02038030712471346,0.022369025727121242,0.001988718602407784,2.3333333333333335,3,0.6,0.12281771501925544,146.5394744873047,12588.0,166.0,22.156097560975613,28.741463414634143,0.18292682926829268,20.625,27.5625,0.075
ch20_URA7_URA8_001_hyperstack_crop_43,2,12,4,49,675.0,2.326616853142346,3.540214427149784,2.6635730089926146,4.8388204943230155,4.072064029272766e-05,58.06584593187619,4.284266527328406,0.29827815981668376,0.07493049345209424,0.22570923094766915,0.06508671184559547,4.833333333333333,5,1.2,0.43119534805374365,153.10894902547201,226662.0,225.0,19.797744360902254,12.552631578947368,0.3789473684210527,16.324719101123595,15.060674157303373,0.43146067415730344
ch20_URA7_URA8_001_hyperstack_crop_44,4,7,39,45,90.0,1.645823057318759,2.0567467111792013,1.8668410145886831,3.291695468580935,0.0033509284497710338,23.041868280066545,1.4410861253441942,0.30743012437201667,0.05208360141052399,0.08658851229862127,0.026478726670420775,4.285714285714286,5,1.2,0.3964968330924937,172.66643633161272,85613.0,262.0,17.072413793103443,25.493103448275864,0.3586206896551723,17.621739130434783,24.166304347826088,0.47934782608695664
ch20_URA7_URA8_001_hyperstack_crop_45,1,12,6,40,510.0,2.607987279242483,3.870506057848036,2.967624468962571,5.110977973031536,0.0002424128162810995,61.331735676378436,1.4514611000871571,0.11839335365630076,0.07217769851367223,0.21133396675292512,0.060578818281801776,4.25,5,1.2,0.4015559817419327,156.7758026123047,252176.0,214.0,17.63606557377049,17.09016393442623,0.2262295081967213,19.025714285714283,17.457142857142856,0.42857142857142855
ch20_URA7_URA8_001_hyperstack_crop_46,1,3,11,14,45.0,1.6976644141711137,3.325245747868858,1.6819758132762026,2.73573806546329,0.05257723186098352,8.20721419638987,1.054738306599397,0.7972140000640099,0.032627188963390286,0.042306733434260106,0.009679544470869819,2.0,2,0.3,0.13660714285714284,139.2202351888021,11814.0,165.0,14.081249999999999,11.85,0.13124999999999998,15.080357142857142,11.512500000000001,0.14999999999999997
ch20_URA7_URA8_001_hyperstack_crop_46,3,11,9,42,495.0,1.6769668915072535,3.5602063486314486,1.7495395725348468,2.723070901106753,0.002497876994793929,29.953779912174284,1.0614535351424632,0.08375318738460862,0.04489169186522247,0.10870383798970021,0.02984212948797705,2.909090909090909,5,1.2,0.22475265153176355,139.93845575506037,60353.0,175.0,20.823529411764707,14.258823529411764,0.14117647058823526,21.3375,15.187499999999998,0.15
ch20_URA7_URA8_002_hyperstack_crop_02,2,20,16,48,480.0,2.4596818865448435,3.6892188290815437,2.764809633797383,6.087797582436386,0.0025515712200467567,121.75595164872773,1.5990746434532612,0.09927070520819181,0.042959385630706254,0.09797921335671157,0.023047725225936122,4.4,5,1.2,0.4955463294924435,156.56221694946288,298250.0,212.0,25.11818181818182,1.8545454545454547,0.13636363636363635,23.666666666666668,2.4750000000000005,0.3916666666666667
ch20_URA7_URA8_002_hyperstack_crop_02,5,3,41,43,30.0,1.3465585384028904,1.9004974169692643,1.4424226932121877,2.288608519658389,-0.027577286612503825,6.8658255589751676,0.2208075668416159,0.9243026143532567,0.007963033008625537,0.013731689075673544,0.0057686560670480065,3.3333333333333335,4,0.8999999999999999,0.21204633204633203,151.89100138346353,15220.0,184.0,20.82162162162162,3.0000000000000004,0.26756756756756755,20.82857142857143,2.8285714285714283,0.12857142857142856
ch20_URA7_URA8_002_hyperstack_crop_03,2,6,3,8,75.0,2.3402494895621886,3.3941250870910187,2.6520808128637894,4.164235052004695,-0.009540393180439246,24.985410312028172,3.242253111273666,0.499982265702584,0.08646314969372215,0.13632760286072124,0.03844571747762688,4.0,5,1.2,0.32711652063709823,157.80089823404947,78108.0,222.0,20.771428571428572,2.4642857142857144,0.33928571428571425,20.690624999999997,5.699999999999999,0.15
ch20_URA7_URA8_002_hyperstack_crop_03,5,2,22,28,90.0,1.099391092092534,1.5321155175184,1.1207925909130383,1.963277058889256,0.00961609834279702,3.926554117778512,1.5588946709626357,1.0,0.01732105189958484,0.01732105189958484,0.0,2.0,2,0.3,0.06794117647058823,144.67058563232422,3887.0,158.0,22.5,12.9,0.03,21.6,14.170588235294117,0.10588235294117647
ch20_URA7_URA8_002_hyperstack_crop_04,5,48,2,49,705.0,2.4663857258555795,3.2341995688771203,2.882265821398795,5.6476305467704435,-0.0008991601633312515,271.0862662449813,1.412208971216437,0.05629110595667459,0.035585253806299885,0.0987880165922074,0.018449817872921395,4.145833333333333,5,1.2,0.3085617714928819,147.7391799290975,761759.0,208.0,18.10473372781065,20.820710059171596,0.3994082840236686,17.766101694915253,22.164406779661014,0.1271186440677966
ch20_URA7_URA8_002_hyperstack_crop_05,1,26,1,30,435.0,2.3632711492154863,3.8700101426010725,2.689227734537142,4.652794360606048,0.0015793069361544087,120.97265337575725,2.9642245164843644,0.11035376274212183,0.06390705742129921,0.17668777646697797,0.04633822706429946,4.6923076923076925,5,1.2,0.5224691808184037,162.88248267540564,501644.0,265.0,18.5,10.516666666666667,0.1333333333333333,18.57857142857143,13.435714285714283,0.642857142857143
ch20_URA7_URA8_002_hyperstack_crop_05,2,14,17,30,195.0,2.8255356702544434,4.972689789332635,3.1407819773991443,6.814640905520368,-0.011880953282739342,95.40497267728514,5.706006106379951,0.4987487574347769,0.05866996025575877,0.2730140619172122,0.07030827994593673,4.142857142857143,5,1.2,0.35257116383724035,161.98029436383928,249315.0,249.0,21.899999999999995,15.4,0.19999999999999998,26.826804123711337,12.522680412371134,0.27835051546391754
ch20_URA7_URA8_002_hyperstack_crop_05,6,22,27,49,330.0,2.6730097287480956,4.662452100382335,2.8565170505014166,6.023353211984176,0.005790638535292622,132.51377066365188,1.9619930073522778,0.08054197976655804,0.07456697536029848,0.2942418422302881,0.05988273721788054,4.0,5,1.2,0.33782450786941065,148.95093189586294,337819.0,210.0,21.518181818181816,19.840909090909093,0.09545454545454546,20.84645669291339,18.018897637795277,0.37559055118110235
ch20_URA7_URA8_002_hyperstack_crop_06,1,8,1,10,135.0,4.039457699545174,5.2137052757473965,4.53946869484097,11.146772152185939,0.016858790587148488,89.17417721748751,2.0117741356323977,0.24166761530496628,0.05586578780052453,0.08195474113202421,0.020574533601702694,3.875,4,0.8999999999999999,0.32037674801464977,169.42203330993652,211723.0,234.0,23.737499999999997,9.88125,0.3375,24.058378378378375,11.867027027027024,0.3064864864864865
ch20_URA7_URA8_002_hyperstack_crop_06,2,4,17,49,480.0,1.8237060081811616,2.592229345255914,1.9695310214615034,3.8872239067201813,0.002301542516687752,15.548895626880725,1.3147192910591292,0.654523693325323,0.029346097563435505,0.06540594766046123,0.026889283227752782,2.5,3,0.6,0.13747922080901706,158.16190338134766,20668.0,183.0,16.815789473684212,11.147368421052633,0.12631578947368421,17.54594594594594,10.054054054054054,0.1216216216216216
ch20_URA7_URA8_002_hyperstack_crop_06,6,5,0,29,435.0,1.5332207397823436,2.743268755299099,1.6545089949625176,3.2700562727039175,0.0007489474464617752,16.35028136351959,5.183354933568308,0.6365176632437286,0.04163664401968461,0.08768060123598312,0.028395532124714264,2.4,3,0.6,0.3036033768346048,156.0203430175781,30045.0,186.0,17.650000000000002,25.799999999999997,0.7999999999999998,18.825,20.79642857142857,0.12857142857142853
ch20_URA7_URA8_002_hyperstack_crop_07,1,8,3,32,435.0,1.4852008333924251,2.861253621631436,1.481541464272477,3.054061626057293,-0.0034994402321676782,24.432493008458344,0.8465600967820179,0.10700433304743419,0.02159918531710283,0.04585633500286309,0.014948748040875459,1.75,2,0.3,0.0616154948086718,140.516508102417,17468.0,170.0,19.151612903225804,13.05483870967742,0.029032258064516127,19.987499999999997,12.9375,0.09375
ch20_URA7_URA8_002_hyperstack_crop_07,7,3,5,19,210.0,1.38213282729735,2.689536009715963,1.352242818182259,1.8144077275380266,0.000531244175527499,5.44322318261408,2.845080183404327,0.5019415679038793,0.02669378056161538,0.027387738916958206,0.0006939583553428261,2.0,2,0.3,0.2311764705882353,138.8686269124349,5538.0,155.0,18.4125,24.675,0.15,20.080000000000002,26.98,0.12000000000000001
ch20_URA7_URA8_002_hyperstack_crop_09,1,8,8,27,285.0,0.9930468995686106,1.6933142190356605,1.0616418288273666,2.0913008594803357,-0.0005024001645743848,16.730406875842686,2.7368078368076256,0.40306963640121996,0.03439109912088843,0.06067563775461813,0.015956165045393506,2.625,4,0.8999999999999999,0.2572478151888434,132.85945320129395,24165.0,155.0,19.457142857142856,8.1,0.12857142857142856,18.023076923076925,10.430769230769231,0.16153846153846155
ch20_URA7_URA8_002_hyperstack_crop_10,2,3,11,16,75.0,1.2605097228325588,1.407069952855959,1.486446693794577,2.2191426955080136,-0.004606031448923475,6.657428086524041,2.2042490501363146,0.9755407311353,0.03689613859437291,0.04817825539809313,0.011282116803720222,4.0,4,0.8999999999999999,0.41954975570536207,133.02426147460938,13625.0,152.0,19.852173913043476,1.6043478260869561,0.2869565217391304,17.747368421052627,1.0578947368421052,0.6473684210526316
ch20_URA7_URA8_002_hyperstack_crop_11,3,2,2,7,75.0,1.8536113297987533,3.0536852764960405,1.891710083697789,4.028510217711419,0.032001971911927656,8.057020435422839,1.0374539718954519,1.0,0.013832719625272692,0.013832719625272692,0.0,2.5,3,0.6,0.16909090909090907,146.9727325439453,8787.0,163.0,21.96,13.2,0.18,21.0,12.807272727272734,0.15818181818181817
ch20_URA7_URA8_002_hyperstack_crop_11,6,37,2,49,705.0,1.252663013714009,1.9216546714660276,1.3825353246050947,2.120381328768782,0.000290738169289874,78.45410916444493,0.5169046921399434,0.013820761807520406,0.05907264452703768,0.2069464000653309,0.04255445979361595,3.2162162162162162,5,1.2,0.2744961287207833,145.5390163112331,180802.0,190.0,22.75384615384615,20.97692307692308,0.023076923076923075,22.538297872340426,21.236170212765956,0.41489361702127653
ch20_URA7_URA8_002_hyperstack_crop_11,8,4,16,40,360.0,0.7547293568193392,0.9144266448857132,0.8455681870102219,1.1095123518244399,-0.0003141195018795081,4.438049407297759,2.7316749704464405,0.5974909560944145,0.044129491494630795,0.09549094184704053,0.03865892661039199,2.5,3,0.6,0.37456190867955574,138.8142433166504,7917.0,168.0,20.631818181818176,27.327272727272724,0.5727272727272728,22.61538461538462,25.5,0.13846153846153847
ch20_URA7_URA8_002_hyperstack_crop_12,1,21,3,49,690.0,1.5613953606039794,2.2409538607854933,1.7450405099178485,2.7705067519892674,-4.751263480685905e-05,58.18064179177462,4.7038555809527125,0.27585515256708376,0.03611976690784153,0.11609341082937805,0.025335285557761673,3.142857142857143,5,1.2,0.3455485230170498,146.74658784412202,166017.0,221.0,19.767647058823528,15.46176470588235,0.5147058823529413,15.407142857142857,13.735714285714286,0.14999999999999997
ch20_URA7_URA8_002_hyperstack_crop_12,5,16,1,36,525.0,1.3830800278394486,2.004593887237729,1.552211384467745,2.1585680132932574,-0.0001611069839608961,34.53708821269212,0.9009994450608734,0.08312516007781007,0.03235737275111102,0.07303138054658054,0.015357037404167714,3.75,5,1.2,0.4086065873511907,145.52985954284668,106856.0,183.0,14.699999999999998,25.2,0.14999999999999997,14.669999999999998,25.98,0.6
ch20_URA7_URA8_002_hyperstack_crop_13,2,8,8,25,255.0,0.9923736491057771,1.2641403545339145,1.040581213829433,1.4866566949706197,-0.00029364938716670196,11.893253559764958,0.5917329879211458,0.14511973399102857,0.028973252009539093,0.054891391955722235,0.01913794304143374,3.5,5,1.2,0.7759903846153846,163.23977661132812,31947.0,188.0,21.15,14.399999999999999,0.75,21.184615384615388,14.976923076923079,0.8769230769230768
ch20_URA7_URA8_002_hyperstack_crop_13,6,3,2,4,30.0,1.8056308887250998,2.0342826479474954,1.890819961584178,5.221467308559222,0.015863145585059028,15.664401925677668,0.25960872847128935,0.25075943246567345,0.03450966608628336,0.042643018223020225,0.00813335213673687,2.3333333333333335,3,0.6,0.13296842827728206,149.61797587076822,17618.0,174.0,19.093548387096774,23.77741935483871,0.08709677419354837,19.334042553191484,23.699999999999996,0.14680851063829783
ch20_URA7_URA8_002_hyperstack_crop_14,2,11,3,13,150.0,2.9162508986059383,4.094914610070707,3.3870860071297644,6.7662271904466085,0.016352291931395965,74.4284990949127,2.848647122220309,0.22820382719529092,0.0832193791322793,0.20247478387144627,0.06880239176756102,4.909090909090909,5,1.2,0.5085091137977086,196.92500998757103,365844.0,333.0,22.984615384615378,18.34038461538461,0.39230769230769214,20.475362318840578,16.992753623188403,0.44057971014492764
ch20_URA7_URA8_002_hyperstack_crop_15,2,48,2,49,705.0,2.754551086764348,7.15339899450304,2.954529090028093,4.164850701639625,-0.0011349263044944855,199.912833678702,1.2166714148838438,0.034266798882367944,0.05036289098661122,0.19875546764740154,0.03460860981572726,4.895833333333333,5,1.2,0.47231150452085463,147.00695419311523,515093.0,192.0,18.167441860465118,19.043023255813953,0.5093023255813954,17.196428571428573,19.757142857142856,0.6749999999999998
ch20_URA7_URA8_002_hyperstack_crop_16,4,2,10,38,420.0,0.8975822940237501,1.067296621222506,0.8977406914475874,1.1314841124055737,0.0008081634628512183,2.2629682248111473,2.4794244465766275,1.0,0.005903391539468161,0.005903391539468161,0.0,2.5,3,0.6,0.6098901098901099,163.4532928466797,5294.0,184.0,20.871428571428574,17.357142857142858,0.942857142857143,22.811538461538458,18.749999999999996,0.2769230769230769
ch20_URA7_URA8_002_hyperstack_crop_16,8,5,28,49,315.0,1.9380498618706041,3.450552183246383,2.1483412784371487,4.575843917746402,0.0007134040069549207,22.87921958873201,1.756191131642203,0.22178860424669605,0.06511737002732437,0.12483803698234013,0.04301636487959159,3.2,5,1.2,0.19411809975520197,154.55174255371094,49157.0,230.0,23.232000000000003,28.848,0.07200000000000001,22.95263157894737,27.121052631578948,0.22631578947368422
ch20_URA7_URA8_002_hyperstack_crop_17,2,15,32,46,210.0,2.898872268649081,3.9286714429082843,3.181705699689422,5.337159107111173,0.0066533885999199354,80.05738660666759,2.7454184313654713,0.2070823922386239,0.06313149544204442,0.16746246724238614,0.0442011492846736,3.6666666666666665,4,0.8999999999999999,0.28342792415953005,151.54410909016926,264417.0,199.0,25.37,14.88,0.13999999999999999,25.415625,17.625,0.15468749999999998
ch20_URA7_URA8_002_hyperstack_crop_17,5,42,3,49,690.0,2.318569778892443,4.350100029755474,2.575895358069,5.133415666658554,-8.38987737475737e-05,215.60345799965927,1.161512233917195,0.02950731304395135,0.05917722775454611,0.1314566478436792,0.03050831105908797,3.9285714285714284,5,1.2,0.36438827992971445,151.41418384370348,559313.0,243.0,20.2,18.583333333333332,0.16666666666666663,19.157943925233642,18.17663551401869,0.4794392523364487
ch20_URA7_URA8_002_hyperstack_crop_18,7,25,7,49,630.0,3.0260703545563,4.9927425709832445,3.351088536362477,6.147001736879686,0.0031293358836026373,153.67504342199214,0.699848039482642,0.028397159276869616,0.04853851825764104,0.11098364730364964,0.027102523249789748,3.48,5,1.2,0.2927676869142315,146.0285217285156,301689.0,197.0,22.122222222222224,20.38888888888889,0.15555555555555553,21.69402985074627,20.923880597014925,0.29776119402985074
ch20_URA7_URA8_002_hyperstack_crop_19,1,4,46,49,45.0,1.865546923973373,2.1944845364325345,2.1361887105045243,2.9098963306160455,0.016471947960240485,11.639585322464182,1.1691887937056729,0.5031692288755766,0.051636649664608576,0.05985193840558409,0.006215432013516069,4.25,5,1.2,0.3532764223728079,193.80038452148438,57120.0,317.0,17.983636363636364,16.734545454545458,0.31090909090909086,17.138461538461534,15.93076923076923,0.39230769230769225
ch20_URA7_URA8_002_hyperstack_crop_19,4,5,5,39,510.0,2.10301545232534,3.871399355894879,2.097230335798245,3.1119041461463604,0.0019038533717651747,15.559520730731801,1.5871991631272824,0.3442033770808023,0.03529965447548024,0.09809661273783961,0.03694526446690451,1.8,3,0.6,0.09448405253283301,168.58804626464843,19659.0,195.0,19.32,22.56,0.0,18.034615384615385,23.480769230769226,0.13846153846153844
ch20_URA7_URA8_002_hyperstack_crop_20,6,2,48,49,15.0,1.0498006215150695,1.2903470881715955,1.1428771017214208,1.9750637057543015,0.03207286222087012,3.950127411508603,0.385812859427984,1.0,0.02572085729519893,0.02572085729519893,0.0,1.5,2,0.3,0.056249999999999994,159.59375,4144.0,182.0,18.262499999999996,24.24375,0.11249999999999999,18.419999999999998,23.910000000000004,0.0
ch20_URA7_URA8_002_hyperstack_crop_21,1,3,32,41,135.0,1.5011298010435095,1.8978821467243867,1.5845685276165244,2.593302735557715,0.00263139402349421,7.779908206673145,0.9194341295903257,0.91973484291374,0.007729955872878444,0.008314902531280777,0.0005849466584023329,3.6666666666666665,4,0.8999999999999999,0.7788322842905847,143.99261474609375,13814.0,165.0,16.148780487804878,9.292682926829269,0.7756097560975608,16.616129032258062,10.074193548387095,0.6483870967741934
ch20_URA7_URA8_002_hyperstack_crop_21,2,18,3,20,255.0,1.7113667258736323,2.1086927451821733,1.9796197601843122,2.806230057584221,-0.0025348820943140423,50.512141036515985,2.8600926918669,0.21430595956508344,0.052336620945069016,0.22178300012320631,0.050522202617876266,4.666666666666667,5,1.2,0.4776238403958928,165.35306294759116,196706.0,233.0,19.203614457831325,12.80602409638554,0.5277108433734942,17.729411764705883,15.252941176470586,0.38823529411764696
ch20_URA7_URA8_002_hyperstack_crop_21,5,4,5,11,90.0,1.701295635196944,2.2934649870422703,1.8917705508078684,4.545901603697304,0.013990430419113638,18.183606414789217,2.23463275794967,0.8101791089553295,0.04934602887815542,0.0775604901327321,0.027562531535642792,3.5,4,0.8999999999999999,0.2979166666666666,149.11698532104492,32138.0,187.0,17.716666666666665,23.33333333333333,0.33333333333333326,19.145454545454545,25.051515151515147,0.33333333333333326
ch20_URA7_URA8_002_hyperstack_crop_22,6,2,8,24,240.0,1.4217850503150977,1.5,1.498341988279802,2.4308586541684667,0.0006517912473741865,4.861717308336933,0.3311910324872938,1.0,0.0013799626353637243,0.0013799626353637243,0.0,1.5,2,0.3,0.04374999999999999,155.97916412353516,4088.0,179.0,19.787499999999998,18.275,0.08749999999999998,19.95,18.0,0.0
ch20_URA7_URA8_002_hyperstack_crop_22,7,3,2,13,165.0,2.152166790827548,2.7189814154555605,2.185195434267252,4.683009835274821,-0.003080976460406505,14.049029505824464,2.11538159728027,0.8517940167598456,0.016040543281888576,0.026923675498018305,0.010883132216129729,1.6666666666666667,2,0.3,0.06802721088435375,155.0263875325521,13913.0,172.0,21.53333333333333,25.333333333333332,0.0,19.454545454545453,24.954545454545453,0.09999999999999999
ch20_URA7_URA8_002_hyperstack_crop_24,2,17,13,49,540.0,2.587502507868192,3.392467341291236,3.0339361712594295,6.071879306285755,0.0033576723140413714,103.22194820685783,2.14066267399018,0.14632555777593262,0.052354795170417884,0.0896624291098724,0.02348649280889252,4.470588235294118,5,1.2,0.4244751072262137,162.01060126809512,371713.0,228.0,15.799999999999997,13.949999999999998,0.09999999999999999,13.786466165413534,14.569172932330826,0.4804511278195489
ch20_URA7_URA8_002_hyperstack_crop_24,6,3,24,27,45.0,1.2133188496299046,1.601203499863824,1.2385740502125473,3.4707764264807754,-0.009192316246118592,10.412329279442327,2.201682218631172,0.5545777390119416,0.116887633533259,0.202882834277433,0.085995200744174,2.3333333333333335,4,0.8999999999999999,0.1633333333333333,148.73015848795572,13494.0,179.0,16.474285714285713,21.754285714285725,0.38999999999999985,17.025,23.849999999999998,0.0
ch20_URA7_URA8_002_hyperstack_crop_25,1,30,6,46,600.0,1.866163336429129,3.9495699440108614,2.20417058778293,3.5460602988468892,-0.0002732449698164661,106.38180896540668,1.6747880641107353,0.056163428839922994,0.0552472763953243,0.23810920847491424,0.04417439802157328,3.8666666666666667,5,1.2,0.35732977254533616,146.56942749023438,278827.0,207.0,20.983333333333334,12.100000000000001,0.1333333333333333,20.918181818181814,13.772727272727273,0.0818181818181818
ch20_URA7_URA8_002_hyperstack_crop_26,3,9,6,23,255.0,1.4066748885878413,1.9925573216779622,1.605044919404148,2.1702522273442555,-0.0041166599219447,19.5322700460983,4.13061662488379,0.4216888325611543,0.06277012301223638,0.1436615513590482,0.047171145986229915,3.3333333333333335,5,1.2,0.31731792168561507,154.92911275227866,73853.0,218.0,18.16194690265487,13.869026548672565,0.5176991150442478,22.21764705882353,13.182352941176472,0.14117647058823526
ch20_URA7_URA8_002_hyperstack_crop_26,4,31,3,42,585.0,1.8453797102829887,4.8143104070052125,2.09909357311516,3.258512756888089,-0.0011323588751759978,101.01389546353076,0.8667213657744725,0.024332635445871137,0.07001650975305308,0.21674723014591832,0.05073007209366931,3.4838709677419355,5,1.2,0.30417352774232626,153.95496786794354,307144.0,223.0,19.18448275862069,21.09310344827586,0.22241379310344825,18.407142857142862,20.721428571428568,0.1285714285714286
ch20_URA7_URA8_002_hyperstack_crop_27,1,2,6,34,420.0,1.7672213670670955,1.8633571083263512,1.9546048824974158,2.868821722033786,0.0004577892440916934,5.737643444067572,1.4902055227383921,1.0,0.0035481083874723623,0.0035481083874723623,0.0,2.0,2,0.3,0.08875,142.64583587646484,6680.0,162.0,19.68,17.0325,0.1275,19.55,15.549999999999997,0.049999999999999996
ch20_URA7_URA8_002_hyperstack_crop_27,5,5,9,22,195.0,1.4424712883000848,1.9413980311981212,1.5786929247712256,3.4754780179379017,-0.005501837648143987,17.37739008968951,2.3176897169349338,0.3532056715583688,0.028984925489393,0.04186870768399197,0.012354072992237848,2.6,4,0.8999999999999999,0.15019172755708862,143.85511169433593,18273.0,166.0,20.602325581395352,23.14883720930232,0.23720930232558143,22.9125,23.2875,0.11249999999999999
ch20_URA7_URA8_002_hyperstack_crop_28,4,14,6,49,645.0,1.999741370491167,3.6642778205866673,2.0068866542709536,3.684630436956685,0.0012733166723011807,51.58482611739359,2.7129367927887076,0.23888017873093798,0.028125089293786758,0.10894297328681392,0.026140366438817054,1.8571428571428572,3,0.6,0.0713893562047315,146.90207999093192,44435.0,171.0,20.733333333333334,26.03333333333333,0.03333333333333333,18.05625,25.59375,0.0375
ch20_URA7_URA8_002_hyperstack_crop_29,2,8,5,47,630.0,0.9598251458315381,1.5682636945842796,1.0508933012493171,1.6601410028374775,0.00029290400702683606,13.28112802269982,3.7554552157562786,0.7031965246479794,0.030990322334899283,0.10556186585571536,0.03313669786064797,2.75,4,0.8999999999999999,0.2376498800495279,153.96294593811035,25697.0,184.0,12.874999999999998,13.85,0.125,13.371428571428572,17.571428571428573,0.21428571428571427
ch20_URA7_URA8_002_hyperstack_crop_29,3,34,4,46,630.0,3.3860508695481535,4.946748391110604,3.8141054215049377,7.989060484483211,0.002436548028855049,271.6280564724292,2.4980732402792762,0.07740312652843276,0.05180120103923214,0.15811773966257456,0.03826001780886329,3.6470588235294117,5,1.2,0.2899578828000838,158.1879855885225,849156.0,230.0,18.111111111111114,16.966666666666665,0.1222222222222222,16.448076923076925,18.819230769230767,0.3288461538461538
ch20_URA7_URA8_002_hyperstack_crop_30,3,6,36,49,195.0,1.9147795134721575,2.811651027768436,1.9190222120573326,4.026849302283218,-0.004051554781172465,24.161095813699312,3.684811104276113,0.598976548065738,0.06951349212378966,0.22263786644516237,0.08001724185389025,2.6666666666666665,4,0.8999999999999999,0.1839401973157825,151.96209971110025,32479.0,185.0,17.033333333333335,20.1,0.0,15.954545454545455,16.58181818181818,0.19090909090909092
ch20_URA7_URA8_002_hyperstack_crop_31,5,3,13,49,540.0,2.11473781304355,3.567433855979148,2.1420144293111476,3.0897280339944273,8.525453151298758e-06,9.269184101983281,2.163616067057875,0.36074281042238104,0.01625125317467892,0.026540169649376492,0.010288916474697572,2.3333333333333335,3,0.6,0.14700680272108843,145.21836853027344,9914.0,173.0,17.5,20.32,0.04,18.33673469387755,22.304081632653062,0.25102040816326526
ch20_URA7_URA8_002_hyperstack_crop_31,6,5,17,46,435.0,1.4709239094276951,2.2128718392934643,1.6031311101463275,3.278830006809006,-0.002866625738487883,16.39415003404503,0.08277038434400763,0.02822800803761036,0.025045433745599435,0.049448296139345066,0.02114713503653441,2.2,3,0.6,0.13591397849462364,142.8931854248047,16631.0,161.0,15.880645161290323,28.354838709677413,0.10645161290322579,15.85,28.425,0.075
ch20_URA7_URA8_002_hyperstack_crop_32,3,10,40,49,135.0,2.9949710755103482,3.8080657325405967,3.4296220670711994,6.232449268549147,0.004212888245516429,62.32449268549147,2.3930787166467655,0.3348823301226347,0.05293354536116246,0.12467314423676026,0.03536365294764088,4.9,5,1.2,0.4583438774746402,172.72235565185548,231140.0,235.0,14.065116279069766,15.03488372093023,0.35581395348837197,11.8125,14.228124999999999,0.3968749999999999
ch20_URA7_URA8_002_hyperstack_crop_32,4,5,26,36,150.0,1.5089998520809105,2.0974513701772786,1.6918462765101467,3.597075055864772,-0.00463715197804779,17.98537527932386,4.544184261277101,0.733927952501125,0.0432031998583828,0.08424250088562062,0.024555805879050072,3.2,4,0.8999999999999999,0.2615974025974025,163.1267852783203,39858.0,225.0,25.46590909090909,15.027272727272724,0.2522727272727272,20.942857142857143,14.599999999999998,0.15714285714285708
ch20_URA7_URA8_002_hyperstack_crop_32,7,2,28,33,75.0,1.06733821107316,1.3625191485730204,1.1358443046179991,1.8040496206400531,-0.007871491666662945,3.6080992412801063,2.9143462523812573,1.0,0.0388579500317501,0.0388579500317501,0.0,2.5,3,0.6,0.2636170212765957,154.55850982666016,8664.0,183.0,19.404255319148934,23.195744680851064,0.28723404255319146,17.759999999999998,20.79,0.23999999999999994
ch20_URA7_URA8_002_hyperstack_crop_32,8,2,10,18,120.0,0.9531928511456684,1.2397190356246688,0.9314789452281063,1.3810798338885633,-0.004775436407983338,2.7621596677771265,2.5773363649103485,1.0,0.02147780304091957,0.02147780304091957,0.0,2.0,2,0.3,0.06286764705882353,147.29044342041016,3704.0,162.0,18.26470588235294,26.470588235294116,0.08823529411764706,20.175,28.2,0.0375
ch20_URA7_URA8_002_hyperstack_crop_33,6,31,11,49,570.0,2.6547789448219583,4.639708916120607,2.891340929795947,6.26099296387133,0.004105217766097133,194.09078188001124,2.984146104078708,0.10318542105710655,0.05422253818273034,0.13971179242817813,0.0335441716884946,3.4516129032258065,5,1.2,0.2917903094364534,159.78986087922127,557222.0,242.0,20.258823529411764,18.07058823529412,0.10588235294117647,17.350267379679146,18.65133689839572,0.4347593582887701
ch20_URA7_URA8_002_hyperstack_crop_35,3,20,8,42,510.0,1.763788445915195,3.290435534029928,1.8826462016791434,3.347063146650659,0.0036975402085349346,66.94126293301318,3.5422865027864714,0.17649963764747587,0.03822388777739258,0.07941386684217619,0.02082762228917483,2.45,4,0.8999999999999999,0.17458631398304622,143.89025497436523,95764.0,184.0,19.3125,12.700000000000001,0.4749999999999999,17.94324324324324,15.948648648648646,0.1297297297297297
ch20_URA7_URA8_002_hyperstack_crop_36,1,19,1,23,330.0,1.4704519476174505,4.02615430289997,1.629671956233114,2.6073646569855944,-0.0011448645169561818,49.539928482726296,1.0136211741155468,0.055007804278612946,0.05862162793179166,0.1152768799687346,0.023762011450747945,3.736842105263158,5,1.2,0.3631403366011908,155.26052615517065,134675.0,202.0,20.87307692307692,12.634615384615383,0.14999999999999997,20.4375,13.537499999999998,0.0
ch20_URA7_URA8_002_hyperstack_crop_36,3,16,6,27,315.0,1.1094662609090007,1.8284807011001099,1.2011694533122586,1.9108073396454324,-0.00044067663934259436,30.572917434326918,7.197875607796106,0.5471851876544759,0.03527689944600556,0.06606088194579897,0.01566771576672488,2.6875,4,0.8999999999999999,0.18839333426430196,151.86917400360107,59910.0,192.0,22.585714285714285,17.24285714285714,0.14285714285714285,20.325,24.075,0.0
ch20_URA7_URA8_002_hyperstack_crop_37,3,13,14,49,525.0,1.9950599765679233,3.4574838990978702,2.1879508361222784,3.9455677583478184,0.003858344617712913,51.29238085852164,1.8917852214766817,0.11752785076865112,0.05815938845098877,0.1107090697106642,0.028511074561957495,2.4615384615384617,4,0.8999999999999999,0.1558627800018682,164.3018305851863,114866.0,218.0,16.968749999999996,19.8375,0.13124999999999998,16.28041237113402,21.596907216494845,0.22886597938144332
ch20_URA7_URA8_002_hyperstack_crop_38,1,42,2,46,660.0,2.1480624949084373,3.9012546014832603,2.455132121195131,4.133767654326045,0.0011334818960591964,173.61824148169387,0.3518022070701215,0.010071777740104551,0.053579874284769353,0.19341147845978537,0.04131532291410937,3.2142857142857144,5,1.2,0.26486866529023173,153.0993379865374,383936.0,276.0,11.775,15.150000000000004,0.17500000000000002,11.446153846153845,15.265384615384615,0.12692307692307692
ch20_URA7_URA8_002_hyperstack_crop_38,2,38,2,41,585.0,1.6513678551405924,2.8001470316371644,1.926162290333928,2.903867387325564,-0.0008750747629475093,110.34696071837143,2.0651521481628774,0.09455443548117828,0.03717213398781688,0.06887866309430041,0.014761465701038777,3.8684210526315788,5,1.2,0.32601106310236344,165.82257843017578,368266.0,302.0,26.08888888888889,16.477777777777778,0.13333333333333333,27.450000000000003,14.924999999999997,0.09999999999999999
ch20_URA7_URA8_002_hyperstack_crop_38,3,2,43,48,75.0,1.0253462599932592,1.1742364245130776,1.115977279873626,1.6436775542874185,-0.003970404387195159,3.287355108574837,2.627584706320406,1.0,0.035034462750938744,0.035034462750938744,0.0,2.0,2,0.3,0.08958333333333333,139.25694274902344,4631.0,159.0,19.75,10.7875,0.1125,18.333333333333332,13.0,0.06666666666666667
ch20_URA7_URA8_002_hyperstack_crop_38,4,21,5,33,420.0,1.190892226115971,1.6510872551067695,1.3189315350388904,2.4844412211022098,-0.0010378686231845504,52.17326564314641,3.8579416161359292,0.2914185732054731,0.034248246700852594,0.06403516230831698,0.014973020200804439,3.380952380952381,4,0.8999999999999999,0.2780269401101001,158.42964971633185,118440.0,234.0,21.17027027027027,20.14864864864865,0.2837837837837837,18.27,22.68,0.03
ch20_URA7_URA8_002_hyperstack_crop_40,2,4,4,48,660.0,1.1485020448302061,1.6414697688179687,1.1900228008880256,2.5553858266437564,3.847393495054962e-05,10.221543306575025,0.3651483716701096,0.24204098709122296,0.014926648427481358,0.04060513231067276,0.018202499791572638,2.5,3,0.6,0.21291666666666662,156.5591278076172,14146.0,181.0,23.099999999999998,17.200000000000003,0.13333333333333333,22.766666666666666,17.133333333333336,0.2666666666666666
ch20_URA7_URA8_002_hyperstack_crop_40,3,4,6,47,615.0,1.5665049584112092,2.8285022751749254,1.793045997995858,2.9202088552574397,-0.0007285401906472706,11.680835421029759,1.4398260914269263,0.5360238203788986,0.042141439916608285,0.06980582607122637,0.029426457667325427,2.5,3,0.6,0.1837137330754352,149.70954132080078,25817.0,180.0,15.354545454545457,22.97727272727273,0.12272727272727271,14.299999999999999,21.999999999999996,0.2
ch20_URA7_URA8_002_hyperstack_crop_41,2,24,26,49,345.0,2.8389765838419136,4.497943911064526,3.2386984498135067,6.548005468474776,0.006394443955333691,157.15213124339462,2.070719287432979,0.12650415438714951,0.04744575322594928,0.10450635093240919,0.026129584526557698,4.041666666666667,5,1.2,0.3366842782310244,156.1007162729899,504026.0,207.0,15.75,17.2,0.25,17.34,18.519428571428573,0.38742857142857157
ch20_URA7_URA8_002_hyperstack_crop_41,5,2,18,25,105.0,0.8890609095908055,1.1073014259316725,0.9487172828610031,1.491969167024414,-0.004156962216016514,2.983938334048828,2.1517469165539427,1.0,0.020492827776704216,0.020492827776704216,0.0,1.5,2,0.3,0.04615384615384615,150.4551239013672,2870.0,168.0,18.43846153846154,24.646153846153847,0.0923076923076923,17.35,26.5,0.0
ch20_URA7_URA8_002_hyperstack_crop_42,3,2,6,7,15.0,2.9286174924020165,3.991288987630639,3.138066465121823,5.244771172980294,-0.14168953269714965,10.489542345960588,0.5035288778671008,1.0,0.033568591857806716,0.033568591857806716,0.0,2.5,3,0.6,0.17902577089229854,172.826904296875,31326.0,231.0,17.24890510948905,17.64963503649635,0.22335766423357664,17.363265306122447,17.167346938775513,0.1346938775510204
ch20_URA7_URA8_002_hyperstack_crop_44,2,9,3,32,435.0,3.0466966566642655,4.311096060147444,3.3663938476278834,11.129178277094967,0.0012056004477981033,100.1626044938547,1.7209271150698389,0.146388435325883,0.08851065917260924,0.2143396817635652,0.07021856806244525,4.444444444444445,5,1.2,0.38489313430081523,176.18773566351996,253139.0,291.0,16.306250000000002,15.871875000000001,0.36250000000000004,15.019512195121951,14.729268292682924,0.3439024390243903
ch20_URA7_URA8_002_hyperstack_crop_45,1,29,19,48,435.0,2.558641452589987,4.528659449621165,2.8902740721296984,5.908589580370585,-0.0030413157593090446,171.34909783074696,3.989067602176212,0.18867161314422265,0.047429846103559874,0.14063993440714484,0.0287293346624345,4.448275862068965,5,1.2,0.4441623380169244,189.18492547396957,781747.0,364.0,18.975609756097562,13.424390243902437,0.3317073170731707,18.717391304347824,17.399999999999995,0.13043478260869562
ch20_URA7_URA8_002_hyperstack_crop_45,2,12,6,17,165.0,2.9934906012753064,3.9354413985545045,3.312929454578804,8.00606626429193,0.009059943472317302,96.07279517150316,2.503986252328281,0.3568630686211728,0.042525202496212194,0.09490343927213353,0.025100971924042505,3.3333333333333335,4,0.8999999999999999,0.23149551282771144,169.22414016723633,263533.0,213.0,14.686956521739129,13.173913043478262,0.11739130434782608,13.435074626865672,15.34029850746269,0.21492537313432844
ch20_URA7_URA8_002_hyperstack_crop_46,3,27,6,49,645.0,2.3218044971353864,6.546380007726965,2.455521722077942,5.0305630275354245,-6.565471813083792e-05,135.82520174345646,4.291391961871369,0.10318014509528116,0.07294839348323695,0.2623568801953255,0.05483359879415321,3.4814814814814814,5,1.2,0.2892355710304788,147.10326639811197,256550.0,206.0,20.053846153846152,19.54615384615385,0.5538461538461539,17.141538461538463,16.412307692307692,0.2169230769230769
ch20_URA7_URA8_002_hyperstack_crop_47,3,9,3,29,390.0,1.196096881935515,1.75138180117481,1.350960056172259,2.3669038200815136,-0.0008774474611904632,21.302134380733623,1.805683275541779,0.28391115035967357,0.02960109866670798,0.05471009172144771,0.01610863820318178,2.5555555555555554,3,0.6,0.16333694215186834,149.15667894151477,39195.0,205.0,19.393548387096775,17.322580645161292,0.23225806451612896,18.119999999999997,18.6,0.15
ch20_URA7_URA8_002_hyperstack_crop_47,4,24,6,49,645.0,1.5985887393996336,2.643215010944641,1.7578393278121573,2.8951628960294653,-0.000309733167103762,69.48390950470717,3.8503811769607443,0.23186726408497224,0.03626979084350916,0.09779272664743517,0.022632887339306823,3.5,5,1.2,0.27864057664141,144.1759344736735,168836.0,194.0,20.572881355932207,24.096610169491523,0.26949152542372884,18.531818181818185,20.836363636363636,0.09545454545454546
ch20_URA7_URA8_002_hyperstack_crop_48,5,47,2,49,705.0,2.9723778747466234,4.881095676216075,3.368470494279483,6.059342910802539,0.0007070965607531745,284.7891168077193,4.570525375014398,0.10634601759261261,0.060293740335874466,0.138743006122214,0.033859270001796414,4.617021276595745,5,1.2,0.42497398126836505,165.04670682866524,1182609.0,277.0,20.457446808510642,16.882978723404253,0.2808510638297872,16.455652173913045,19.08782608695652,0.3991304347826087
ch20_URA7_URA8_002_hyperstack_crop_49,2,10,3,13,150.0,1.368920331751399,2.008672765501922,1.4717128952873526,2.6858043815352444,-0.005193654487615631,26.858043815352442,1.5337160661754192,0.32195023670811335,0.034647381982345064,0.10458365269969902,0.02783171354883345,3.1,4,0.8999999999999999,0.23285031324489794,144.11831665039062,55039.0,174.0,19.482608695652175,18.178260869565214,0.3434782608695651,20.474999999999998,17.025,0.15
ch20_URA7_URA8_002_hyperstack_crop_51,3,40,6,49,645.0,2.00872376076068,3.456340039383372,2.2096235297673283,4.274371527865061,-0.0008985571851272154,170.97486111460245,2.1974535468212104,0.0627022757894598,0.055870678413819805,0.19987065263886672,0.03618035892595197,2.95,5,1.2,0.20524420725114592,152.95124320983888,393015.0,224.0,18.804255319148933,15.373404255319146,0.1819148936170213,16.65164835164835,14.940659340659343,0.27032967032967026
ch20_URA7_URA8_002_hyperstack_crop_51,6,23,2,45,645.0,1.6869586829545369,2.94493637809412,1.8162089363697578,3.737392252163198,-0.001979297132867214,85.96002179975356,0.9201171448969093,0.025257778721346023,0.09542287702990668,0.23155064064066544,0.07362105439067515,2.739130434782609,5,1.2,0.19983376283267495,152.6787288499915,177761.0,207.0,19.14590163934426,21.516393442622956,0.12295081967213113,19.95,21.959999999999997,0.18
ch20_URA7_URA8_002_hyperstack_crop_52,2,10,1,11,150.0,2.240342442656265,4.353115924497325,2.411201488676708,4.151858403271995,-0.015188891414634573,41.51858403271995,0.7956639658642803,0.15660004923040072,0.03590158243118028,0.10924197577788901,0.027927246517601735,3.5,4,0.8999999999999999,0.2523705644187938,157.593505859375,70691.0,189.0,22.50606060606061,12.136363636363637,0.19090909090909097,21.7304347826087,12.169565217391304,0.3652173913043478
ch20_URA7_URA8_002_hyperstack_crop_52,3,26,6,34,420.0,1.9229138179825835,3.361136642818115,2.145852052019338,3.296396661272327,-0.001885499016361482,85.7063131930805,2.591197641134217,0.14164045665036165,0.04495540114196772,0.11104226649387601,0.023244373941405518,3.1153846153846154,5,1.2,0.22364086768232785,145.94737243652344,224319.0,205.0,18.73285714285714,15.672857142857142,0.3599999999999998,21.166666666666668,16.5,0.03333333333333333
ch20_URA7_URA8_002_hyperstack_crop_53,2,4,28,47,285.0,1.1412456515614022,1.5867746569099357,1.214989301893587,2.5600018562680837,0.0008174186432724199,10.240007425072335,0.2055170700880527,0.11104956900636513,0.005150205549583778,0.007250599776603417,0.0022934688005589268,2.0,2,0.3,0.1192831839213418,145.88556289672852,10903.0,162.0,19.15714285714285,15.835714285714285,0.10714285714285714,19.263157894736842,15.663157894736838,0.1421052631578947
ch20_URA7_URA8_002_hyperstack_crop_53,4,4,9,23,210.0,0.7882158758362868,1.0816653826391964,0.7364359228186381,0.9344739931285235,-0.0003390386700283529,3.737895972514094,0.5698440332426242,0.09494610553848773,0.03214200176225982,0.05556757239650487,0.018021171964737105,1.25,2,0.3,0.10833333333333334,148.40872955322266,3560.0,163.0,18.533333333333335,24.4,0.13333333333333333,19.05,24.599999999999998,0.0
ch20_URA7_URA8_002_hyperstack_crop_54,2,2,41,42,15.0,1.317924150490744,1.3620418839267863,1.2832161578430878,2.120789966266183,-0.005882364458138974,4.241579932532366,1.6611630895000493,1.0,0.11074420596666995,0.11074420596666995,0.0,2.0,2,0.3,0.11136363636363636,151.34091186523438,4163.0,162.0,20.672727272727272,13.254545454545452,0.12272727272727271,19.05,12.9,0.09999999999999999
ch20_URA7_URA8_002_hyperstack_crop_54,4,7,22,47,375.0,1.4599972111928419,3.139259199627311,1.4861127856959284,2.4787741976664615,-0.0014395910589033094,17.35141938366523,2.4288200152886326,0.2214001385309785,0.04172065540137771,0.06771285991730215,0.020484381123315496,1.7142857142857142,2,0.3,0.05786962611131408,155.4167742047991,16662.0,179.0,19.95,23.4,0.0,17.53333333333333,23.166666666666664,0.06666666666666667
ch20_URA7_URA8_002_hyperstack_crop_55,7,19,16,49,495.0,2.6319449581489125,5.157668434134938,2.8543886929695774,5.7652040359279715,-4.846649658580523e-05,109.53887668263145,1.1667003650480812,0.059659404416671356,0.058858963986119055,0.1404629477996581,0.0416891922891937,3.736842105263158,5,1.2,0.30217048353131953,175.76181030273438,292448.0,285.0,14.544827586206894,18.817241379310346,0.041379310344827586,14.517647058823528,17.74313725490196,0.49607843137254903
ch20_URA7_URA8_002_hyperstack_crop_55,8,7,32,40,120.0,2.4455562348764404,4.701016385282614,2.584268422529721,5.749525452467842,0.008009217477987485,40.246678167274894,0.6018233554154995,0.08921315372383903,0.06206424916604847,0.13004634270806942,0.035639598975972256,3.5714285714285716,4,0.8999999999999999,0.24749832236193084,162.7276611328125,87873.0,207.0,13.322727272727274,22.268181818181816,0.14999999999999997,12.880645161290321,22.659677419354832,0.2661290322580645
ch20_URA7_URA8_002_hyperstack_crop_56,5,2,7,9,30.0,2.2653995250863628,3.8331892420418052,2.172948789596288,2.9089284509587117,-0.10451931446369617,5.817856901917423,1.8942372327344705,1.0,0.06314124109114902,0.06314124109114902,0.0,2.0,2,0.3,0.07071428571428572,153.95713806152344,2986.0,185.0,17.785714285714285,17.849999999999994,0.02142857142857143,15.9,17.7,0.12
ch20_URA7_URA8_002_hyperstack_crop_57,1,17,33,49,240.0,2.0034259910699435,2.785929646632599,2.220632415707494,3.9041507442505234,0.0035220094596221533,66.3705626522589,0.5802902828516128,0.0566005193505569,0.04271826842388499,0.0891253963682569,0.02112079091163828,2.7058823529411766,4,0.8999999999999999,0.16966675396572342,145.64680660472197,160809.0,176.0,18.21428571428571,21.085714285714285,0.21428571428571427,18.147058823529413,21.658823529411762,0.15294117647058822
ch20_URA7_URA8_002_hyperstack_crop_57,4,29,17,49,480.0,1.8066552705026662,3.713942722870202,2.004487248103084,3.44170856469574,-0.0017195286886048076,99.80954837617647,0.9751093415085352,0.040225351727236826,0.052953440800948014,0.13354867787536115,0.027225090470550686,3.586206896551724,5,1.2,0.27578096311665135,150.58935915190597,311211.0,255.0,19.193877551020407,26.6265306122449,0.14693877551020407,18.488372093023255,25.960465116279064,0.2441860465116279
ch20_URA7_URA8_002_hyperstack_crop_58,2,8,4,14,150.0,1.6512653910986503,2.2608186044568277,1.7518765360281792,3.223270194915007,-0.010408454786808474,25.786161559320057,0.8671347393859864,0.07604511305314922,0.09138640616975668,0.28258105366424624,0.07959154933895976,3.875,5,1.2,0.4676819204616916,145.7980136871338,62963.0,181.0,8.0875,13.040625,0.32187499999999997,8.28,12.329999999999998,0.78
ch20_URA7_URA8_002_hyperstack_crop_58,5,6,29,43,210.0,0.9470889423334827,1.1489473850028695,1.0035180999393054,1.759564035579557,0.0022965748492200155,10.557384213477341,2.0327653893443673,0.5804586409042647,0.026028002487287937,0.04424728379157339,0.012805743880480327,2.6666666666666665,4,0.8999999999999999,0.24140182186234818,136.83107248942056,12722.0,152.0,6.6,21.075000000000003,0.0375,7.2631578947368425,19.2,0.4578947368421053
ch20_URA7_URA8_002_hyperstack_crop_59,3,24,26,49,345.0,2.7045328553517987,3.4185554317190014,3.1521435008801695,4.988550644537123,0.00352417402428319,119.72521546889095,1.3331901380446989,0.07485862661095523,0.05162156207850795,0.11709344425800518,0.024874481370678866,4.416666666666667,5,1.2,0.36765995288232767,173.0259812672933,529925.0,257.0,18.17142857142857,19.02857142857143,0.04285714285714286,17.123622047244098,18.269291338582672,0.36377952755905524
ch20_URA7_URA8_002_hyperstack_crop_60,5,2,7,10,45.0,1.7303541632364445,1.829510019720172,1.8020237892276363,3.3633165563848824,0.004406926954832333,6.726633112769765,1.8730004909242002,1.0,0.041622233131648895,0.041622233131648895,0.0,3.0,4,0.8999999999999999,0.17,143.83333587646484,7626.0,159.0,15.642857142857139,18.06857142857143,0.24000000000000002,15.399999999999999,16.21666666666666,0.1
ch20_URA7_URA8_002_hyperstack_crop_61,1,10,2,13,165.0,1.4418492725540195,1.84065068117213,1.9037080043420147,3.612468009521394,-0.00033558693220179234,36.12468009521394,0.8391975617612395,0.23828752046473864,0.02247004816106041,0.03253256731659143,0.008431430995027566,1.8,2,0.3,0.05610052185770379,145.40851440429688,32868.0,185.0,26.03333333333333,13.950000000000001,0.09166666666666663,25.707692307692305,13.176923076923078,0.11538461538461536
ch20_URA7_URA8_002_hyperstack_crop_61,2,5,1,12,165.0,1.1714456054330171,1.8493233818504842,1.1918668469821176,1.7861855483892257,-0.0036218629699373926,8.930927741946128,0.6272394519629952,0.13697322364000078,0.032963919936368775,0.06047839584212181,0.01667836844008818,2.0,2,0.3,0.12140701403859297,154.09085388183593,11907.0,186.0,15.71052631578947,12.868421052631579,0.12631578947368421,15.969230769230766,12.299999999999999,0.1846153846153846
ch20_URA7_URA8_002_hyperstack_crop_61,4,2,7,22,225.0,2.012587007161436,3.1742135487251364,2.0329015510652186,3.0679825570940036,0.010325569258344007,6.135965114188007,0.4082691189269474,1.0,0.0018145294174530995,0.0018145294174530995,0.0,2.0,2,0.3,0.09642857142857142,154.07142639160156,6437.0,172.0,18.79285714285714,16.84285714285714,0.10714285714285714,18.77142857142857,17.249999999999996,0.08571428571428572
ch20_URA7_URA8_002_hyperstack_crop_61,6,3,33,35,30.0,0.8453343035093671,1.0217749319222285,0.8308410162621612,1.7702825146763173,-0.012274584960692059,5.3108475440289515,0.557840116492058,0.676539606952501,0.02748496962874899,0.031991688671345844,0.004506719042596854,1.6666666666666667,2,0.3,0.07789473684210525,157.78246053059897,5280.0,184.0,17.47894736842105,23.368421052631575,0.17368421052631575,17.34,23.880000000000003,0.0
